city,state,install_count,total_kw_installed,avg_kw_per_install,population,households,ghi_annual,dni_annual,tilt_annual,electricity_rate_per_kwh,current_annual_gen_kwh,current_annual_savings_usd,solar_adoption_rate_pct,full_adoption_kw,full_adoption_annual_kwh,full_adoption_savings_usd,additional_savings_possible
POMONA,CA,10,2339.2,233.92,152679.0,60348.0,5.31,5.94,6.07,0.244956,4146092.0,1015610.0,0.02,14116604.16,25020833877.0,6129003383.0,6127987773.0
RANCHO CUCAMONGA,CA,43,6132.211,142.6095581395349,175531.0,69380.0,5.38,6.28,6.14,0.244956,10994318.0,2693124.0,0.06,9894251.14372093,17739204991.0,4345324698.0,4342631574.0
PAICINES,CA,1,516.0,516.0,45806.0,18105.0,5.25,6.23,6.03,0.244956,908552.0,222555.0,0.01,9342180.0,16449336857.0,4029363759.0,4029141204.0
CHULA VISTA,CA,143,12157.565,85.01793706293707,272585.0,107741.0,5.38,6.05,6.14,0.244956,21797055.0,5339319.0,0.13,9159917.557097903,16422632990.0,4022822487.0,4017483168.0
SAN DIEGO,CA,1340,20911.93,15.605917910447761,1442351.0,570098.0,5.21,5.61,5.95,0.244956,36332387.0,8899836.0,0.24,8896902.588910447,15457478558.0,3786402118.0,3777502282.0
PEMBROKE PINES,FL,111,13254.76,119.41225225225226,347204.0,137236.0,4.91,4.58,5.34,0.141368,20667882.0,2921777.0,0.08,16387659.85009009,25552950251.0,3612369471.0,3609447694.0
HUNTERSVILLE,NC,1,469.2,469.2,71657.0,28323.0,4.5,4.61,5.18,0.141333,709693.0,100303.0,0.0,13289151.6,20100639144.0,2840883632.0,2840783329.0
HESPERIA,CA,1,140.0,140.0,88706.0,35062.0,5.86,7.97,6.78,0.244956,277166.0,67893.0,0.0,4908680.0,9718008317.0,2380484445.0,2380416552.0
WEST COVINA,CA,1,300.0,300.0,44710.0,17672.0,5.23,5.63,5.96,0.244956,522096.0,127891.0,0.01,5301600.0,9226480512.0,2260081760.0,2259953869.0
CHARLOTTE,NC,23,963.33,41.883913043478266,611323.0,241630.0,4.52,4.62,5.19,0.141333,1459907.0,206333.0,0.01,10120409.908695653,15337278808.0,2167663626.0,2167457293.0
BELLINGHAM,WA,8,1494.68,186.835,130296.0,51500.0,3.36,3.27,3.9,0.118982,1702142.0,202524.0,0.02,9622002.5,10957536447.0,1303749602.0,1303547078.0
GLENDALE,CA,158,5392.6483333333335,34.13068565400844,203050.0,80257.0,5.32,5.91,6.08,0.244956,9573892.0,2345182.0,0.2,2739226.438533755,4863113050.0,1191248720.0,1188903538.0
WEST HOLLYWOOD,CA,78,4338.301333333334,55.61924786324787,117860.0,46585.0,5.32,5.72,6.07,0.244956,7689379.0,1883560.0,0.17,2591022.661709402,4592432207.0,1124943824.0,1123060264.0
HOL,CA,13,1389.1200000000001,106.85538461538462,59889.0,23672.0,5.18,6.04,5.96,0.244956,2417513.0,592184.0,0.05,2529480.664615385,4402105790.0,1078322226.0,1077730042.0
HAGERSTOWN,MD,10,1199.21,119.921,98861.0,39075.0,4.03,3.92,4.69,0.160657,1642294.0,263846.0,0.03,4685913.075,6417264238.0,1030978421.0,1030714575.0
OAKLAND,CA,3455,41793.527,12.09653458755427,543598.0,214860.0,4.84,5.02,5.54,0.244956,67608553.0,16561121.0,1.61,2599061.4214819106,4204449680.0,1029905176.0,1013344055.0
DALLAS,TX,14,365.755,26.125357142857144,424928.0,167955.0,4.7,4.91,5.27,0.149362,562838.0,84067.0,0.01,4387884.358928571,6752251967.0,1008529858.0,1008445791.0
RENO,NV,1,200.0,200.0,47046.0,18595.0,5.19,7.03,6.15,0.149956,359160.0,53858.0,0.01,3719000.0,6678580200.0,1001493172.0,1001439314.0
COVINA,CA,15,1076.1933333333332,71.74622222222222,81184.0,32088.0,5.24,5.72,5.98,0.244956,1879206.0,460323.0,0.05,2302192.7786666662,4019996942.0,984722371.0,984262048.0
APPLE VALLEY,CA,6,358.58,59.76333333333333,83889.0,33158.0,5.92,8.17,6.88,0.244956,720373.0,176460.0,0.02,1981632.6066666665,3981020641.0,975174892.0,974998432.0
LANCASTER,CA,32,1029.4483333333333,32.170260416666665,152821.0,60404.0,5.86,7.88,6.81,0.244956,2047079.0,501444.0,0.05,1943212.4102083333,3864116742.0,946538581.0,946037137.0
OKLAHOMA CITY,OK,617,7530.4,12.204862236628848,905520.0,357912.0,4.69,5.2,5.39,0.122371,11851946.0,1450334.0,0.17,4368266.652836304,6875127520.0,841316230.0,839865896.0
SUGAR LAND,TX,26,1406.0,54.07692307692308,168209.0,66486.0,4.61,4.27,5.03,0.149362,2065077.0,308444.0,0.04,3595358.307692308,5280718468.0,788738672.0,788430228.0
RIVERSIDE,CA,141,1962.015,13.915000000000001,291537.0,115233.0,5.48,6.36,6.26,0.244956,3586406.0,878512.0,0.12,1603467.195,2931009755.0,717968426.0,717089914.0
LUBBOCK,TX,20,672.455,33.62275,183808.0,72651.0,5.33,6.35,6.13,0.149362,1203668.0,179782.0,0.03,2442726.41025,4372382565.0,653067805.0,652888023.0
MESA,AZ,27,348.91,12.922592592592594,428965.0,169550.0,5.79,7.49,6.7,0.149067,682608.0,101754.0,0.02,2191025.574074074,4286522433.0,638979040.0,638877286.0
COLUMBUS,OH,26,430.0,16.53846153846154,730681.0,288806.0,3.91,3.63,4.44,0.101888,557486.0,56801.0,0.01,4776406.923076924,6192516048.0,630943075.0,630886274.0
FAIRFAX,VA,2,249.36,124.68,61332.0,24242.0,4.17,4.38,4.9,0.144105,356784.0,51414.0,0.01,3022492.56,4324582355.0,623193940.0,623142526.0
RICHMOND,VA,289,5613.842,19.42505882352941,382182.0,151061.0,4.28,4.35,4.99,0.144105,8179817.0,1178753.0,0.19,2934368.8109411765,4275610107.0,616136794.0,614958041.0
LOS ANGELES,CA,89,566.9,6.369662921348314,558446.0,220730.0,5.26,5.59,6.01,0.244956,994864.0,243698.0,0.04,1405975.6966292134,2467374870.0,604398279.0,604154581.0
CORONA,CA,112,2074.995,18.52674107142857,188369.0,74454.0,5.34,5.89,6.08,0.244956,3683863.0,902384.0,0.15,1379389.9797321428,2448913794.0,599876127.0,598973743.0
CHARLOTTESVILLE,VA,32,1891.9133333333334,59.12229166666667,120202.0,47510.0,4.23,4.29,4.95,0.144105,2734572.0,394065.0,0.07,2808900.0770833334,4059984171.0,585064019.0,584669954.0
ANAHEIM,CA,2,57.46666666666667,28.733333333333334,120833.0,47761.0,5.24,5.53,5.96,0.244956,100010.0,24498.0,0.0,1372332.7333333334,2388298102.0,585027950.0,585003452.0
JERSEY CITY,NJ,110,2802.661666666667,25.478742424242427,233704.0,92373.0,3.93,3.79,4.62,0.184167,3780903.0,696318.0,0.12,2353547.8739545457,3175030224.0,584735791.0,584039473.0
FAIRFIELD,CA,28,796.1499999999999,28.433928571428567,120008.0,47434.0,5.04,5.62,5.75,0.244956,1336736.0,327442.0,0.06,1348734.9678571427,2264526011.0,554709234.0,554381792.0
WOODSIDE,CA,43,2600.7816666666668,60.48329457364341,55564.0,21962.0,5.09,5.65,5.83,0.244956,4427467.0,1084535.0,0.2,1328334.1154263567,2261302865.0,553919705.0,552835170.0
SANTA CLARITA,CA,12,559.0,46.583333333333336,63281.0,25013.0,5.55,6.94,6.37,0.244956,1039762.0,254696.0,0.05,1165188.9166666667,2167297993.0,530892647.0,530637951.0
LAKE ELSINORE,CA,150,4951.901666666667,33.012677777777775,89823.0,35503.0,5.48,6.32,6.24,0.244956,9022761.0,2210179.0,0.42,1172049.0991444443,2135567223.0,523120005.0,520909826.0
KANSAS CITY,MO,60,988.53,16.4755,421594.0,166638.0,4.24,4.57,4.96,0.129111,1431708.0,184849.0,0.04,2745444.369,3976281989.0,513381744.0,513196895.0
GPR,TX,138,2564.4833333333336,18.583212560386475,298105.0,117829.0,4.76,5.03,5.34,0.149362,3998748.0,597261.0,0.12,2189641.3527777777,3414263969.0,509961295.0,509364034.0
TEMECULA,CA,122,2697.034,22.10683606557377,127079.0,50228.0,5.53,6.59,6.32,0.244956,4977214.0,1219198.0,0.24,1110382.1619016393,2049143657.0,501950034.0,500730836.0
KATY,TX,270,7267.375,26.916203703703705,211641.0,83653.0,4.63,4.3,5.05,0.149362,10716471.0,1600634.0,0.32,2251621.188425926,3320240604.0,495917777.0,494317143.0
PASADENA,CA,52,979.1433333333333,18.829679487179487,151001.0,59685.0,5.26,5.89,6.01,0.244956,1718318.0,420912.0,0.09,1123849.4201923076,1972265824.0,483118347.0,482697435.0
PALM DESERT,CA,19,787.7826666666667,41.46224561403509,58615.0,23168.0,5.84,7.7,6.76,0.244956,1555020.0,380911.0,0.08,960597.306385965,1896142235.0,464471417.0,464090506.0
HAYWARD,CA,867,10245.039,11.816653979238755,236655.0,93539.0,4.97,5.37,5.7,0.244956,17051843.0,4176951.0,0.93,1105317.9965640139,1839691273.0,450643415.0,446466464.0
BOULDER,CO,150,4560.383333333333,30.402555555555555,157092.0,62091.0,4.42,5.54,5.36,0.149169,7137547.0,1064701.0,0.24,1887725.077,2954516273.0,440722238.0,439657537.0
CLOVIS,CA,13,237.01999999999998,18.232307692307693,139989.0,55331.0,5.24,5.93,5.91,0.244956,409030.0,100194.0,0.02,1008811.816923077,1740926729.0,426450448.0,426350254.0
JURUPA VALLEY,CA,128,2594.7766666666666,20.271692708333333,119165.0,47101.0,5.41,6.06,6.18,0.244956,4682430.0,1146989.0,0.27,954816.9982552084,1723024562.0,422065205.0,420918216.0
ANTIOCH,CA,64,1374.0566666666666,21.469635416666666,116477.0,46039.0,5.09,5.68,5.8,0.244956,2327102.0,570038.0,0.14,988440.5449479166,1674022907.0,410061955.0,409491917.0
MURRIETA,CA,169,2652.155,15.693224852071006,145160.0,57375.0,5.5,6.44,6.28,0.244956,4863416.0,1191323.0,0.29,900398.775887574,1651115259.0,404450589.0,403259266.0
SUNNYVALE,CA,121,1904.5593333333334,15.740159779614325,154236.0,60963.0,5.11,5.75,5.84,0.244956,3247807.0,795570.0,0.2,959567.3606446281,1636331029.0,400829104.0,400033534.0
MCKINNEY,TX,111,2059.28,18.552072072072075,232161.0,91764.0,4.69,4.94,5.27,0.149362,3168902.0,473314.0,0.12,1702412.341621622,2619740208.0,391289637.0,390816323.0
BARSTOW,CA,7,401.52,57.36,33954.0,13421.0,5.88,8.13,6.89,0.244956,807810.0,197878.0,0.05,769828.5599999999,1548802683.0,379388510.0,379190632.0
LEAGUE CITY,TX,11,310.8,28.254545454545454,154427.0,61038.0,4.63,4.38,5.04,0.149362,457398.0,68318.0,0.02,1724600.9454545453,2538060719.0,379089825.0,379021507.0
FONTANA,CA,60,537.6333333333333,8.960555555555555,239054.0,94488.0,5.42,6.3,6.19,0.244956,971761.0,238039.0,0.06,846664.9733333333,1530330006.0,374863517.0,374625478.0
SOUTH SAN FRANCISCO,CA,1,41.85,41.85,64761.0,25597.0,4.27,3.84,4.84,0.244956,59146.0,14488.0,0.0,1071234.45,1513954223.0,370852171.0,370837683.0
SUNRISE,FL,136,2510.2366666666667,18.457622549019607,230167.0,90975.0,4.89,4.55,5.32,0.141368,3899502.0,551265.0,0.15,1679182.2113970588,2608508814.0,368759674.0,368208409.0
MOBILE,AL,166,2272.66,13.690722891566264,278289.0,109996.0,4.71,4.5,5.23,0.151769,3470715.0,526747.0,0.15,1505924.7551807228,2299788049.0,349036532.0,348509785.0
PERRIS,CA,58,1946.705,33.563879310344824,58082.0,22957.0,5.5,6.42,6.29,0.244956,3575474.0,875834.0,0.25,770525.9773275862,1415209652.0,346664096.0,345788262.0
WHITTIER,CA,60,876.555,14.60925,140798.0,55652.0,5.23,5.56,5.96,0.244956,1525486.0,373677.0,0.11,813033.9809999999,1414939298.0,346597871.0,346224194.0
REDWOOD CITY,CA,39,1140.323,29.239051282051285,71481.0,28253.0,5.09,5.65,5.83,0.244956,1941240.0,475518.0,0.14,826090.9158717949,1406304132.0,344482635.0,344007117.0
HIALEAH,FL,97,1344.2233333333334,13.857972508591066,288483.0,114025.0,4.83,4.36,5.24,0.141368,2056769.0,290761.0,0.09,1580155.3152920962,2417764045.0,341794468.0,341503707.0
HEMET,CA,125,1721.605,13.77284,137670.0,54415.0,5.54,6.78,6.34,0.244956,3187173.0,780717.0,0.23,749449.0886,1387440109.0,339861779.0,339081062.0
MECCA,CA,2,311.48,155.74,11333.0,4479.0,5.81,7.43,6.72,0.244956,611199.0,149717.0,0.04,697559.4600000001,1368779075.0,335290647.0,335140930.0
FAYETTEVILLE,AR,15,372.4266666666667,24.828444444444447,176947.0,69940.0,4.41,4.71,5.05,0.123176,549180.0,67646.0,0.02,1736501.4044444447,2560644971.0,315410005.0,315342359.0
TERRA BELLA,CA,3,995.4866666666667,331.8288888888889,5482.0,2167.0,5.32,5.98,5.99,0.244956,1741186.0,426514.0,0.14,719073.2022222222,1257716557.0,308085217.0,307658703.0
PALMDALE,CA,171,1416.8463333333334,8.285651072124757,184695.0,73001.0,5.87,7.92,6.83,0.244956,2825702.0,692173.0,0.23,604860.8139161795,1206310213.0,295492925.0,294800752.0
EDINBURG,TX,14,247.0,17.642857142857142,178279.0,70466.0,5.04,4.89,5.4,0.149362,389470.0,58172.0,0.02,1243221.5714285714,1960311774.0,292796087.0,292737915.0
SAN BERNARDINO,CA,11,109.65,9.968181818181819,166171.0,65680.0,5.45,6.58,6.24,0.244956,199791.0,48940.0,0.02,654710.1818181819,1192934328.0,292216421.0,292167481.0
SAN MATEO,CA,177,2302.773,13.010016949152543,139927.0,55307.0,4.89,5.13,5.58,0.244956,3752046.0,919086.0,0.32,719545.0074067797,1172397853.0,287185888.0,286266802.0
HUNTINGTON BEACH,CA,34,295.2366666666667,8.68343137254902,194835.0,77010.0,5.12,5.04,5.82,0.244956,501737.0,122903.0,0.04,668711.05,1136434307.0,278376402.0,278253499.0
FULLERTON,CA,641,7413.982666666667,11.566275611024441,140763.0,55638.0,5.24,5.54,5.96,0.244956,12902702.0,3160594.0,1.15,643524.4424461778,1119938458.0,274335645.0,271175051.0
SJB,CA,3,1360.98,453.66,3659.0,1446.0,5.0,5.7,5.77,0.244956,2293034.0,561692.0,0.21,655992.36,1105242168.0,270735701.0,270174009.0
DAVIDSON,NC,1,133.93,133.93,22963.0,9076.0,4.48,4.54,5.15,0.141333,201404.0,28465.0,0.01,1215548.6800000002,1827942105.0,258348542.0,258320077.0
BRENHAM,TX,5,479.28,95.856,30382.0,12008.0,4.68,4.47,5.12,0.149362,716543.0,107024.0,0.04,1151038.848,1720849119.0,257029466.0,256922442.0
EL CAJON,CA,31,256.5,8.274193548387096,173694.0,68653.0,5.43,6.28,6.2,0.244956,464368.0,113750.0,0.05,568048.2096774193,1028394479.0,251911398.0,251797648.0
MONTEREY PARK,CA,23,1027.8083333333334,44.687318840579714,32248.0,12746.0,5.27,5.73,6.02,0.244956,1806723.0,442568.0,0.18,569584.565942029,1001238533.0,245259386.0,244816818.0
CARSON,CA,541,6442.86,11.90916820702403,120321.0,47558.0,5.23,5.43,5.96,0.244956,11212638.0,2746603.0,1.14,566376.2215896487,985675866.0,241447217.0,238700614.0
BEAUMONT,CA,95,1984.53,20.88978947368421,63833.0,25230.0,5.53,7.07,6.34,0.244956,3673921.0,899949.0,0.38,527049.3884210526,975715992.0,239007487.0,238107538.0
VISALIA,CA,5,65.08,13.016,109348.0,43221.0,5.28,5.94,5.93,0.244956,112690.0,27604.0,0.01,562564.536,974114248.0,238615130.0,238587526.0
EL MONTE,CA,642,7111.663,11.077356697819313,126306.0,49923.0,5.27,5.75,6.02,0.244956,12501166.0,3062236.0,1.29,553014.8784252335,972111674.0,238124587.0,235062351.0
CITY OF SAN ANTONIO,TX,7,62.13333333333333,8.876190476190477,299912.0,118542.0,4.73,4.61,5.18,0.149362,93980.0,14037.0,0.01,1052201.3714285714,1591517706.0,237712268.0,237698231.0
FAYETTEVILLE,NC,152,3138.982666666667,20.651201754385966,136604.0,53994.0,4.5,4.56,5.16,0.141333,4729568.0,668444.0,0.28,1115040.9875263157,1680054557.0,237447151.0,236778707.0
LAKELAND,FL,1,48.0,48.0,55137.0,21793.0,4.97,4.86,5.49,0.141368,76948.0,10878.0,0.0,1046064.0,1676924277.0,237063431.0,237052553.0
DUBLIN,CA,728,6757.105666666666,9.281738553113552,155004.0,61266.0,5.07,5.68,5.8,0.244956,11443834.0,2803236.0,1.19,568654.9941950549,963074098.0,235910779.0,233107543.0
AROMAS,CA,3,990.53,330.1766666666667,4363.0,1725.0,4.9,5.49,5.68,0.244956,1642853.0,402427.0,0.17,569554.75,944640726.0,231395414.0,230992987.0
INDIO,CA,1650,19778.242666666665,11.986813737373737,100560.0,39747.0,5.84,7.65,6.77,0.244956,39098421.0,9577393.0,4.15,476439.8856193939,941845423.0,230710687.0,221133294.0
NEW PORT RICHEY,FL,19,348.295,18.331315789473685,137708.0,54430.0,5.04,5.03,5.57,0.141368,566481.0,80082.0,0.03,997773.5184210526,1622818761.0,229414643.0,229334561.0
SANTA BARBARA,CA,436,4396.95,10.084747706422018,131524.0,51986.0,5.21,6.03,5.99,0.244956,7690617.0,1883863.0,0.84,524265.694266055,916982641.0,224620400.0,222736537.0
WALCR,CA,641,9722.039333333334,15.166988039521582,90740.0,35866.0,5.02,5.55,5.74,0.244956,16294916.0,3991537.0,1.79,543979.1930254811,911752646.0,223339281.0,219347744.0
ESCONDIDO,CA,17,123.0,7.235294117647059,177903.0,70317.0,5.34,5.99,6.1,0.244956,219088.0,53667.0,0.02,508764.17647058825,906210751.0,221981761.0,221928094.0
CAPE CORAL,FL,66,719.0166666666667,10.894191919191918,217388.0,85924.0,5.18,5.18,5.71,0.141368,1198831.0,169476.0,0.08,936072.5464646464,1560732478.0,220637629.0,220468153.0
VACAVILLE,CA,34,418.1496666666667,12.298519607843138,109591.0,43317.0,5.06,5.68,5.77,0.244956,704515.0,172575.0,0.08,532734.9738529412,897573193.0,219865939.0,219693364.0
BAYTOWN,TX,64,1143.68,17.87,135579.0,53589.0,4.62,4.23,5.02,0.149362,1676452.0,250398.0,0.12,957635.43,1403740319.0,209665462.0,209415064.0
MANTECA,CA,73,913.93,12.51958904109589,98916.0,39097.0,5.13,5.8,5.82,0.244956,1553169.0,380458.0,0.19,489478.372739726,831839126.0,203763985.0,203383527.0
MATTHEWS,NC,2,102.76,51.38,46817.0,18505.0,4.52,4.62,5.19,0.141333,155731.0,22010.0,0.01,950786.9,1440898531.0,203646512.0,203624502.0
SACRAMENTO,CA,19,409.9433333333333,21.5759649122807,57898.0,22885.0,5.05,5.72,5.73,0.244956,685901.0,168016.0,0.08,493765.95701754384,826149449.0,202370264.0,202202248.0
RIALTO,CA,35,286.07166666666666,8.17347619047619,137973.0,54535.0,5.44,6.45,6.22,0.244956,519575.0,127273.0,0.06,445740.524047619,809571769.0,198309462.0,198182189.0
ALAMEDA,CA,7,138.57666666666665,19.796666666666663,63808.0,25221.0,4.86,5.03,5.55,0.244956,224577.0,55011.0,0.03,499291.7299999999,809152178.0,198206681.0,198151670.0
MECKLENBURG,NC,7,150.86499999999998,21.552142857142854,104319.0,41233.0,4.53,4.64,5.2,0.141333,229073.0,32376.0,0.02,888659.5064285713,1349340595.0,190706354.0,190673978.0
YUCAIPA,CA,67,1239.8866666666668,18.505771144278608,55366.0,21884.0,5.52,7.02,6.33,0.244956,2291757.0,561380.0,0.31,404980.2957213931,748549379.0,183361662.0,182800282.0
SAN RAMON,CA,44,567.2866666666666,12.892878787878788,87007.0,34390.0,5.01,5.54,5.73,0.244956,949161.0,232503.0,0.13,443386.1015151515,741855890.0,181722051.0,181489548.0
WESTMINSTER,CA,265,3115.785,11.757679245283018,89833.0,35507.0,5.26,5.48,6.0,0.244956,5458855.0,1337179.0,0.75,417479.9169622641,731424815.0,179166897.0,177829718.0
HANFORD,CA,1776,14265.959333333334,8.03263475975976,130675.0,51650.0,5.34,6.32,5.98,0.244956,24910648.0,6102013.0,3.44,414885.5853415916,724456614.0,177459994.0,171357981.0
CONCORD,CA,5,43.19,8.638,125693.0,49681.0,5.07,5.63,5.78,0.244956,72894.0,17856.0,0.01,429144.478,724292884.0,177419888.0,177402032.0
GILROY,CA,728,11518.051,15.821498626373625,67181.0,26554.0,5.13,5.98,5.9,0.244956,19843298.0,4860735.0,2.74,420124.07452472526,723789756.0,177296643.0,172435908.0
MORENO VALLEY,CA,12,218.53,18.210833333333333,54061.0,21368.0,5.5,6.56,6.29,0.244956,401370.0,98318.0,0.06,389129.08666666667,714705611.0,175071428.0,174973110.0
WESTMINSTER,MD,163,5334.726333333333,32.728382413087935,61067.0,24137.0,4.06,4.0,4.72,0.160657,7352533.0,1181236.0,0.68,789964.9663047035,1088761315.0,174917127.0,173735891.0
SYKESVILLE,MD,66,3304.6316666666667,50.07017676767677,39258.0,15517.0,4.09,4.07,4.78,0.160657,4612473.0,741026.0,0.43,776938.9329040404,1084420285.0,174219710.0,173478684.0
ARCADIA,CA,561,8794.468333333334,15.676414141414142,64611.0,25538.0,5.26,5.91,6.02,0.244956,15459268.0,3786840.0,2.2,400344.26434343436,703741162.0,172385620.0,168598780.0
VICTORVILLE,CA,35,270.95166666666665,7.74147619047619,112804.0,44586.0,5.93,8.16,6.9,0.244956,545913.0,133725.0,0.08,345161.4574285714,695431304.0,170350071.0,170216346.0
WESLEY CHAPEL,FL,16,298.465,18.6540625,100771.0,39830.0,4.94,4.83,5.46,0.141368,475849.0,67270.0,0.04,742991.309375,1184565904.0,167459713.0,167392443.0
YORBA LINDA,CA,346,4944.666666666667,14.290944123314066,69429.0,27442.0,5.24,5.57,5.96,0.244956,8605302.0,2107920.0,1.26,392172.0886319846,682504929.0,167183677.0,165075757.0
DOWNEY,CA,16,138.55,8.659375,110939.0,43849.0,5.23,5.53,5.96,0.244956,241121.0,59064.0,0.04,379704.934375,660808091.0,161868907.0,161809843.0
DELTONA,FL,89,1633.605,18.355112359550564,101355.0,40061.0,4.8,4.64,5.32,0.141368,2537707.0,358751.0,0.22,735324.1562359551,1142281957.0,161482116.0,161123365.0
NEWBURY PARK,CA,24,493.01,20.542083333333334,43472.0,17183.0,5.34,6.23,6.14,0.244956,883908.0,216519.0,0.14,352974.61791666667,632841133.0,155018233.0,154801714.0
PETALUMA,CA,105,1392.7166666666667,13.263968253968255,71359.0,28205.0,4.91,5.35,5.62,0.244956,2285504.0,559848.0,0.37,374110.2246031746,613929843.0,150385799.0,149825951.0
ABINGDON,MD,41,2025.25,49.396341463414636,33679.0,13312.0,4.11,4.1,4.82,0.160657,2850418.0,457940.0,0.31,657564.0975609756,925482013.0,148685164.0,148227224.0
CROWN POINT,IN,65,1105.1016666666667,17.001564102564103,114463.0,45242.0,3.89,3.7,4.47,0.147657,1442423.0,212984.0,0.14,769184.7631282052,1003970720.0,148243305.0,148030321.0
THOUSAND OAKS,CA,19,201.32,10.59578947368421,78232.0,30922.0,5.44,6.4,6.24,0.244956,366821.0,89855.0,0.06,327643.0021052631,596991761.0,146236714.0,146146859.0
WM,NC,158,1261.4133333333334,7.983628691983123,215355.0,85121.0,4.54,4.54,5.17,0.141333,1904280.0,269138.0,0.19,679574.4578902954,1025912785.0,144995332.0,144726194.0
WAKE FOREST,NC,1,21.0,21.0,82886.0,32761.0,4.42,4.49,5.1,0.141333,31273.0,4420.0,0.0,687981.0,1024541305.0,144801496.0,144797076.0
MENIFEE,CA,25,324.02,12.960799999999999,61366.0,24255.0,5.53,6.58,6.32,0.244956,597959.0,146474.0,0.1,314364.20399999997,580140277.0,142108842.0,141962368.0
LAND O LAKES,FL,24,465.035,19.376458333333336,81524.0,32223.0,4.95,4.86,5.47,0.141368,742773.0,105004.0,0.07,624367.6168750001,997264932.0,140981349.0,140876345.0
LA PUENTE,CA,46,362.1116666666667,7.871992753623188,105329.0,41632.0,5.25,5.69,5.99,0.244956,633362.0,155146.0,0.11,327726.8023188406,573220395.0,140413775.0,140258629.0
CHATSWORTH,CA,7,136.94333333333333,19.563333333333333,40898.0,16165.0,5.42,6.37,6.2,0.244956,247922.0,60730.0,0.04,316241.2833333333,572523219.0,140242998.0,140182268.0
ELLICOTT CITY,MD,17,285.9266666666667,16.81921568627451,91852.0,36305.0,4.12,4.13,4.83,0.160657,403260.0,64787.0,0.05,610621.6254901962,861196316.0,138357217.0,138292430.0
OB,FL,30,664.9933333333333,22.166444444444444,69624.0,27519.0,4.93,4.9,5.47,0.141368,1062154.0,150155.0,0.11,609998.3846666666,974313820.0,137736796.0,137586641.0
NEWPORT BEACH,CA,101,1006.132,9.96170297029703,83845.0,33141.0,5.1,5.02,5.8,0.244956,1703985.0,417401.0,0.3,330140.79813861387,559126456.0,136961380.0,136543979.0
PHARR,TX,294,5189.281333333333,17.65061678004535,80540.0,31834.0,5.02,4.7,5.37,0.149362,8137001.0,1215359.0,0.92,561889.7345759637,881065579.0,131597717.0,130382358.0
GRASS VALLEY,CA,95,1576.686,16.596694736842103,48022.0,18981.0,5.03,6.12,5.78,0.244956,2661068.0,651845.0,0.5,315021.86279999994,531681299.0,130238524.0,129586679.0
LAGUNA NIGUEL,CA,215,2644.5536666666667,12.300249612403102,64139.0,25351.0,5.11,5.15,5.83,0.244956,4501982.0,1102788.0,0.85,311823.62792403105,530836071.0,130031481.0,128928693.0
ATASCADERO,CA,1,21.6,21.6,33002.0,13044.0,5.46,6.74,6.27,0.244956,39546.0,9687.0,0.01,281750.4,515839902.0,126358079.0,126348392.0
PROSPER,TX,1,26.0,26.0,53011.0,20953.0,4.7,4.97,5.3,0.149362,40238.0,6010.0,0.0,544778.0,843098433.0,125926868.0,125920858.0
DORAL,FL,18,193.75666666666666,10.764259259259259,135155.0,53421.0,4.86,4.41,5.27,0.141368,298161.0,42150.0,0.03,575037.4938888889,884890697.0,125095228.0,125053078.0
VICTORIA,TX,31,634.71,20.47451612903226,69915.0,27635.0,4.68,4.33,5.06,0.149362,937797.0,140071.0,0.11,565813.2532258065,836000398.0,124866691.0,124726620.0
VALLEJO,CA,5,41.165,8.233,95321.0,37676.0,4.93,5.22,5.62,0.244956,67553.0,16548.0,0.01,310186.50800000003,509028467.0,124689577.0,124673029.0
CHINO HILLS,CA,200,1891.5016666666666,9.457508333333333,78006.0,30832.0,5.24,5.71,5.97,0.244956,3297341.0,807703.0,0.65,291593.8969333333,508318145.0,124515580.0,123707877.0
DESERT HOT SPRINGS,CA,66,834.325,12.64128787878788,50499.0,19960.0,5.9,7.98,6.85,0.244956,1668817.0,408787.0,0.33,252320.10606060608,504690676.0,123627009.0,123218222.0
PALATINE,IL,46,1169.06,25.414347826086956,74664.0,29511.0,3.88,3.8,4.52,0.12473,1542972.0,192455.0,0.16,750002.8186956522,989883720.0,123468196.0,123275741.0
COL,MO,75,792.2566666666667,10.563422222222222,158877.0,62797.0,4.23,4.48,4.92,0.129111,1138188.0,146953.0,0.12,663351.2252888889,952996904.0,123042383.0,122895430.0
TULARE,CA,3,27.22,9.073333333333332,80026.0,31631.0,5.29,5.96,5.93,0.244956,47133.0,11546.0,0.01,286998.60666666663,496955307.0,121732184.0,121720638.0
DINUBA,CA,2,45.0,22.5,32267.0,12754.0,5.27,6.03,5.93,0.244956,77920.0,19087.0,0.02,286965.0,496897115.0,121717930.0,121698843.0
UPLAND,CA,373,3141.2,8.421447721179625,82715.0,32694.0,5.38,6.33,6.14,0.244956,5631795.0,1379542.0,1.14,275330.8117962467,493635106.0,120918881.0,119539339.0
DEL RIO,TX,61,1636.635,26.830081967213115,47256.0,18678.0,5.0,5.09,5.52,0.149362,2637994.0,394016.0,0.33,501132.2709836066,807745040.0,120646415.0,120252399.0
HAWTHORNE,CA,8,60.055,7.506875,93826.0,37085.0,5.24,5.43,5.99,0.244956,105041.0,25730.0,0.02,278392.459375,486930683.0,119276592.0,119250862.0
PORTERVILLE,CA,11,95.12,8.647272727272728,80467.0,31805.0,5.3,6.02,5.97,0.244956,165817.0,40618.0,0.03,275026.50909090915,479437212.0,117441022.0,117400404.0
CHINO OUTSIDE,CA,3,26.060000000000002,8.686666666666667,78754.0,31128.0,5.31,5.94,6.07,0.244956,46190.0,11315.0,0.01,270398.56,479265224.0,117398892.0,117387577.0
SAN LUIS OBISPO,CA,97,1203.9183333333333,12.411529209621992,54204.0,21424.0,5.34,6.31,6.17,0.244956,2169027.0,531316.0,0.45,265904.6017869416,479064367.0,117349691.0,116818375.0
NOVATO,CA,642,7879.3,12.273052959501557,59522.0,23526.0,4.92,5.36,5.63,0.244956,12953254.0,3172977.0,2.73,288735.84392523364,474670178.0,116273308.0,113100331.0
VISTA,CA,6,80.0,13.333333333333334,49727.0,19655.0,5.29,5.75,6.05,0.244956,141328.0,34619.0,0.03,262066.6666666667,462966973.0,113406538.0,113371919.0
SAN RAFAEL,CA,895,7985.501,8.92234748603352,79237.0,31319.0,4.96,5.43,5.67,0.244956,13221115.0,3238591.0,2.86,279439.0009150838,462650387.0,113328988.0,110090397.0
GARDENA,CA,7,125.8,17.97142857142857,37525.0,14832.0,5.2,5.34,5.94,0.244956,218198.0,53449.0,0.05,266552.22857142857,462329509.0,113250387.0,113196938.0
PASO ROBLES,CA,17,235.16666666666666,13.833333333333332,45554.0,18006.0,5.48,6.77,6.31,0.244956,433299.0,106139.0,0.09,249082.99999999997,458940409.0,112420207.0,112314068.0
COLUMBIA,MD,17,212.28333333333333,12.487254901960783,99756.0,39429.0,4.12,4.12,4.82,0.160657,298776.0,48000.0,0.04,492359.9735294117,692967121.0,111330019.0,111282019.0
RANCHO CORDOVA,CA,5,44.553333333333335,8.910666666666668,76587.0,30272.0,5.04,5.7,5.72,0.244956,74415.0,18228.0,0.02,269743.7013333334,450536720.0,110361673.0,110343445.0
SEAL BEACH,CA,405,10261.835666666666,25.337865843621397,24722.0,9772.0,5.43,6.23,6.23,0.244956,18667921.0,4572819.0,4.14,247601.62502386828,450426972.0,110334789.0,105761970.0
PALM SPRINGS,CA,250,3100.7623333333336,12.403049333333334,46786.0,18492.0,5.66,7.04,6.52,0.244956,5903355.0,1446062.0,1.35,229357.188272,436659389.0,106962337.0,105516275.0
CYPRESS,CA,1,12.76,12.76,49318.0,19493.0,5.23,5.45,5.96,0.244956,22206.0,5439.0,0.01,248730.68,432870977.0,106034343.0,106028904.0
SANTA MONICA,CA,76,542.3683333333333,7.136425438596492,85480.0,33787.0,5.26,5.59,6.01,0.244956,951813.0,233152.0,0.22,241118.40629385965,423143514.0,103651543.0,103418391.0
WALNUT,CA,4,60.81333333333333,15.203333333333333,40298.0,15928.0,5.22,5.62,5.95,0.244956,105657.0,25881.0,0.03,242158.69333333333,420726514.0,103059484.0,103033603.0
LA QUINTA,CA,712,9841.108666666667,13.821781835205993,38666.0,15283.0,5.83,7.6,6.74,0.244956,19368089.0,4744330.0,4.66,211238.2917874532,415733857.0,101836503.0,97092173.0
AGOURA HILLS,CA,13,316.325,24.332692307692305,23879.0,9438.0,5.41,6.34,6.19,0.244956,571751.0,140054.0,0.14,229651.94999999998,415091307.0,101679106.0,101539052.0
CONWAY,AR,21,354.545,16.88309523809524,84754.0,33499.0,4.39,4.36,4.95,0.123176,512459.0,63123.0,0.06,565566.8073809524,817470263.0,100692717.0,100629594.0
WINCHESTER,CA,230,3308.745,14.385847826086955,38981.0,15408.0,5.53,6.58,6.32,0.244956,6106090.0,1495723.0,1.49,221657.14330434782,409054959.0,100200467.0,98704744.0
GALLATIN,TN,5,113.0,22.6,64650.0,25553.0,4.23,4.05,4.78,0.124239,157721.0,19595.0,0.02,577497.8,806048329.0,100142638.0,100123043.0
BEL AIR,MD,84,1346.605,16.031011904761904,68720.0,27162.0,4.09,4.08,4.78,0.160657,1879537.0,301961.0,0.31,435434.34535714285,607761842.0,97641194.0,97339233.0
REDLANDS,CA,4,62.230000000000004,15.557500000000001,35257.0,13936.0,5.49,6.68,6.29,0.244956,114297.0,27998.0,0.03,216809.32,398209342.0,97543768.0,97515770.0
ABERDEEN,MD,96,3861.98,40.22895833333333,27168.0,10738.0,4.09,4.08,4.79,0.160657,5401674.0,867817.0,0.89,431978.5545833333,604199765.0,97068922.0,96201105.0
SANTA CLARA,CA,5,27.599999999999998,5.52,101888.0,40272.0,5.12,5.79,5.86,0.244956,47227.0,11569.0,0.01,222301.43999999997,380384440.0,93177451.0,93165882.0
BANNING,CA,3,45.595,15.198333333333332,33755.0,13342.0,5.55,7.16,6.36,0.244956,84675.0,20742.0,0.02,202776.16333333333,376579668.0,92245449.0,92224707.0
GLENDORA,CA,57,590.8446666666666,10.365695906432748,52239.0,20648.0,5.26,6.01,6.01,0.244956,1036885.0,253991.0,0.28,214030.8890760234,375607088.0,92007210.0,91753219.0
SEGUIN,TX,162,2979.465,18.39175925925926,55600.0,21976.0,4.76,4.62,5.19,0.149362,4515320.0,674417.0,0.74,404177.30148148147,612522617.0,91487603.0,90813186.0
ALISO VIEJO,CA,220,2322.675,10.557613636363637,52229.0,20644.0,5.11,5.15,5.83,0.244956,3954029.0,968563.0,1.07,217951.37590909092,371031704.0,90886442.0,89917879.0
SPOKANE,WA,222,1656.2566666666667,7.460615615615615,184319.0,72852.0,3.94,4.79,4.72,0.118982,2282719.0,271602.0,0.3,543520.7688288288,749102064.0,89129662.0,88858060.0
COMPTON,CA,26,104.31833333333333,4.01224358974359,131353.0,51918.0,5.24,5.48,5.97,0.244956,181852.0,44546.0,0.05,208307.6626923077,363130250.0,88950934.0,88906388.0
SANTA ANA,CA,1,10.8,10.8,48781.0,19281.0,5.24,5.5,5.97,0.244956,18827.0,4612.0,0.01,208234.80000000002,363003233.0,88919820.0,88915208.0
CALABASAS,CA,4,77.86,19.465,25569.0,10106.0,5.45,6.4,6.25,0.244956,142094.0,34807.0,0.04,196713.29,359001754.0,87939634.0,87904827.0
HAVRE DE GRACE,MD,71,3507.275,49.39823943661972,20030.0,7917.0,4.09,4.08,4.79,0.160657,4905555.0,788112.0,0.9,391085.8616197183,547003973.0,87880017.0,87091905.0
DADE CITY,FL,12,288.555,24.04625,40512.0,16013.0,4.93,4.84,5.46,0.141368,460049.0,65036.0,0.07,385052.60125,613897063.0,86785400.0,86720364.0
HUDSON,FL,9,189.57999999999998,21.064444444444444,45307.0,17908.0,5.02,4.98,5.56,0.141368,307787.0,43511.0,0.05,377222.0711111111,612427577.0,86577662.0,86534151.0
MARTINEZ,CA,106,1144.89,10.800849056603775,48643.0,19226.0,5.04,5.59,5.76,0.244956,1925613.0,471690.0,0.55,207657.1239622642,349262670.0,85553987.0,85082297.0
ZEPHYRHILLS,FL,13,201.06,15.466153846153846,59656.0,23580.0,4.94,4.82,5.46,0.141368,320554.0,45316.0,0.06,364691.90769230766,581435602.0,82196388.0,82151072.0
CORNELIUS,NC,2,61.62,30.81,31733.0,12543.0,4.48,4.54,5.15,0.141333,92664.0,13096.0,0.02,386449.82999999996,581143254.0,82134720.0,82121624.0
SANTA MARIA,CA,10,53.325,5.3325000000000005,86507.0,34193.0,5.35,6.27,6.18,0.244956,96228.0,23572.0,0.03,182334.17250000002,329032954.0,80598596.0,80575024.0
MIRAMAR,FL,46,587.4066666666666,12.769710144927535,72344.0,28594.0,4.88,4.51,5.3,0.141368,909071.0,128514.0,0.16,365137.0918840579,565086163.0,79885101.0,79756587.0
CULVER CITY,CA,21,204.255,9.72642857142857,47563.0,18800.0,5.32,5.72,6.07,0.244956,362030.0,88681.0,0.11,182856.85714285713,324102808.0,79390927.0,79302246.0
HACIENDA HEIGHTS,CA,42,363.58,8.656666666666666,54351.0,21483.0,5.21,5.57,5.94,0.244956,630622.0,154475.0,0.2,185971.16999999998,322563275.0,79013810.0,78859335.0
LAKEWAY,TX,38,615.5266666666666,16.198070175438595,53164.0,21013.0,4.76,4.82,5.24,0.149362,941805.0,140670.0,0.18,340370.04859649116,520793404.0,77786744.0,77646074.0
PLEASANT HILL,CA,1273,17486.467333333334,13.736423671118095,34592.0,13673.0,5.05,5.59,5.76,0.244956,29410839.0,7204361.0,9.31,187818.12085519772,315895054.0,77380389.0,70176028.0
CLAREMONT,CA,4,47.839999999999996,11.959999999999999,37529.0,14834.0,5.31,6.14,6.06,0.244956,84654.0,20737.0,0.03,177414.63999999998,313938754.0,76901181.0,76880444.0
SPRING VALLEY,CA,26,160.0,6.153846153846154,71078.0,28094.0,5.4,6.16,6.16,0.244956,287795.0,70497.0,0.09,172886.15384615384,310973783.0,76174894.0,76104397.0
SAN CARLOS,CA,383,5796.612666666667,15.134758920800698,30447.0,12034.0,5.09,5.65,5.83,0.244956,9867922.0,2417207.0,3.18,182131.6888529156,310053702.0,75949515.0,73532308.0
CUPERTINO,CA,16,119.4,7.4625,60932.0,24084.0,5.11,5.75,5.84,0.244956,203610.0,49875.0,0.07,179726.85,306484603.0,75075242.0,75025367.0
LA PORTE,TX,37,837.01,22.62189189189189,38543.0,15234.0,4.58,4.21,4.99,0.149362,1219591.0,182161.0,0.24,344621.9010810811,502141680.0,75000886.0,74818725.0
PORT RICHEY,FL,3,49.88,16.62666666666667,49442.0,19542.0,5.02,4.98,5.56,0.141368,80981.0,11448.0,0.02,324918.32000000007,527511391.0,74573230.0,74561782.0
LUTZ,FL,5,80.15,16.03,51996.0,20552.0,4.96,4.86,5.48,0.141368,128253.0,18131.0,0.02,329448.56,527170408.0,74525026.0,74506895.0
KISSIMMEE,FL,7,39.44,5.634285714285714,147393.0,58258.0,4.97,4.85,5.49,0.141368,63225.0,8938.0,0.01,328242.21714285715,526198533.0,74387634.0,74378696.0
BERKELEY,CA,19,134.20666666666665,7.063508771929824,66218.0,26173.0,4.82,4.95,5.5,0.244956,215536.0,52797.0,0.07,184873.2150877193,296906383.0,72729000.0,72676203.0
RAMONA,CA,19,209.0,11.0,36752.0,14526.0,5.52,6.66,6.3,0.244956,384476.0,94180.0,0.13,159786.0,293942326.0,72002936.0,71908756.0
PLEASANTON,CA,37,367.69,9.937567567567568,44222.0,17479.0,5.07,5.66,5.79,0.244956,621646.0,152276.0,0.21,173698.7435135135,293668992.0,71935982.0,71783706.0
CERRITOS,CA,10,87.99333333333334,8.799333333333333,48108.0,19015.0,5.23,5.45,5.96,0.244956,153137.0,37512.0,0.05,167319.32333333333,291189165.0,71328533.0,71291021.0
ALHAMBRA,CA,3,23.37,7.79,53381.0,21099.0,5.27,5.73,6.02,0.244956,41081.0,10063.0,0.01,164361.21,288920709.0,70772861.0,70762798.0
CHAPEL HILL,NC,11,197.1,17.918181818181818,47358.0,18719.0,4.42,4.52,5.11,0.141333,294097.0,41566.0,0.06,335410.44545454544,500472634.0,70733299.0,70691733.0
SANTEE,CA,27,180.865,6.698703703703704,59590.0,23553.0,5.44,6.27,6.21,0.244956,327966.0,80337.0,0.11,157774.56833333336,286095780.0,70080878.0,70000541.0
FALLBROOK,CA,25,193.0,7.72,52227.0,20643.0,5.34,5.95,6.1,0.244956,343772.0,84209.0,0.12,159363.96,283859086.0,69532986.0,69448777.0
MONROVIA,CA,2,19.3,9.65,41140.0,16261.0,5.26,5.91,6.02,0.244956,33926.0,8310.0,0.01,156918.65,275837880.0,67568144.0,67559834.0
POWAY,CA,6,48.09,8.015,48683.0,19242.0,5.36,6.04,6.11,0.244956,85798.0,21017.0,0.03,154224.63,275155247.0,67400929.0,67379912.0
DESOTO,TX,55,718.4716666666667,13.063121212121212,56211.0,22218.0,4.72,4.96,5.28,0.149362,1107711.0,165450.0,0.25,290236.4270909091,447474914.0,66835748.0,66670298.0
LOMPOC,CA,10,69.095,6.9094999999999995,55820.0,22063.0,5.28,6.03,6.1,0.244956,123072.0,30147.0,0.05,152444.29849999998,271533784.0,66513830.0,66483683.0
DANVILLE,CA,48,326.83,6.808958333333333,59639.0,23573.0,5.04,5.63,5.76,0.244956,549702.0,134653.0,0.2,160507.57479166667,269960900.0,66128542.0,65993889.0
SUN CITY,CA,10,125.21,12.520999999999999,29534.0,11674.0,5.53,6.64,6.32,0.244956,231068.0,56601.0,0.09,146170.15399999998,269748249.0,66076452.0,66019851.0
ODESSA,FL,4,81.75,20.4375,35755.0,14132.0,4.97,4.88,5.49,0.141368,131052.0,18527.0,0.03,288822.75,463005974.0,65454229.0,65435702.0
AZUSA,CA,16,100.50666666666666,6.281666666666666,60903.0,24072.0,5.28,5.96,6.04,0.244956,177262.0,43421.0,0.07,151212.28,266690074.0,65327334.0,65283913.0
MENLO PARK,CA,6,59.31700000000001,9.886166666666668,40721.0,16095.0,5.01,5.4,5.72,0.244956,99074.0,24269.0,0.04,159117.8525,265765002.0,65100732.0,65076463.0
ROWLAND HEIGHTS,CA,45,408.59833333333336,9.079962962962963,42463.0,16784.0,5.22,5.62,5.95,0.244956,709899.0,173894.0,0.27,152398.09837037037,264776456.0,64858582.0,64684688.0
SAN JACINTO,CA,163,1019.8216666666667,6.25657464212679,57134.0,22583.0,5.57,6.89,6.38,0.244956,1899887.0,465389.0,0.72,141292.2251431493,263221764.0,64477750.0,64012361.0
SAN GABRIEL,CA,28,174.53833333333333,6.2335119047619045,60624.0,23963.0,5.26,5.83,6.02,0.244956,306810.0,75155.0,0.12,149373.64577380952,262574969.0,64319314.0,64244159.0
MOLALLA,OR,25,1367.74,54.7096,16440.0,6498.0,3.63,3.54,4.15,0.146985,1657427.0,243617.0,0.38,355502.9808,430798512.0,63320919.0,63077302.0
PALOS VERDES PENINSULA,CA,1,15.18,15.18,25059.0,9905.0,5.16,5.3,5.88,0.244956,26063.0,6384.0,0.01,150357.9,258158500.0,63237474.0,63231090.0
FOREST HILL,MD,29,1160.12,40.00413793103448,17466.0,6904.0,4.09,4.08,4.78,0.160657,1619249.0,260144.0,0.42,276188.568275862,385492956.0,61932142.0,61671998.0
HAINES CITY,FL,1,13.6,13.6,51255.0,20259.0,4.93,4.72,5.44,0.141368,21603.0,3054.0,0.0,275522.39999999997,437661822.0,61871376.0,61868322.0
PORTLAND,OR,12,115.235,9.602916666666667,92320.0,36490.0,3.58,3.48,4.09,0.146985,137623.0,20229.0,0.03,350410.4291666667,418488167.0,61511483.0,61491254.0
HAMPSTEAD,MD,38,1794.4416666666666,47.22214912280702,14777.0,5841.0,4.05,4.01,4.73,0.160657,2478411.0,398174.0,0.65,275824.5730263158,380957867.0,61203548.0,60805374.0
LAKEPORT,CA,29,919.8283333333333,31.718218390804594,11741.0,4641.0,5.04,6.11,5.8,0.244956,1557821.0,381598.0,0.62,147204.25155172413,249305120.0,61068785.0,60687187.0
ROSEMEAD,CA,9,55.08,6.12,58382.0,23076.0,5.27,5.75,6.02,0.244956,96822.0,23717.0,0.04,141225.12,248251165.0,60810612.0,60786895.0
PERRY TWP,OH,1,26.0,26.0,44589.0,17624.0,3.91,3.62,4.44,0.101888,33708.0,3434.0,0.01,458224.0,594078252.0,60529445.0,60526011.0
KELSEYVILLE,CA,81,2365.3316666666665,29.20162551440329,12592.0,4977.0,5.06,6.13,5.82,0.244956,4019739.0,984659.0,1.63,145336.49018518516,246990645.0,60501840.0,59517181.0
UNION BRIDGE,MD,8,1029.92,128.74,5340.0,2111.0,4.06,3.97,4.72,0.160657,1419477.0,228049.0,0.38,271770.14,374564478.0,60176405.0,59948356.0
LYNDEN,WA,1,48.0,48.0,23123.0,9140.0,3.36,3.31,3.93,0.118982,55083.0,6554.0,0.01,438720.0,503457523.0,59902383.0,59895829.0
LEMOORE,CA,9,83.8,9.31111111111111,37971.0,15008.0,5.31,6.0,5.96,0.244956,145839.0,35724.0,0.06,139741.15555555554,243194328.0,59571910.0,59536186.0
SAINT CLOUD,FL,2,37.99,18.995,35257.0,13936.0,4.92,4.75,5.43,0.141368,60235.0,8515.0,0.01,264714.32,419720437.0,59335039.0,59326524.0
HENDERSON,NV,179,2116.87,11.82608938547486,42439.0,16774.0,5.66,7.58,6.67,0.149956,4122901.0,618254.0,1.07,198370.8233519553,386354950.0,57936243.0,57317989.0
LAKESIDE,CA,18,128.0,7.111111111111111,46216.0,18267.0,5.44,6.27,6.21,0.244956,232105.0,56856.0,0.1,129898.66666666666,235547850.0,57698859.0,57642003.0
SPRING HILL,FL,6,83.57,13.928333333333333,45663.0,18048.0,4.95,4.86,5.48,0.141368,133725.0,18904.0,0.03,251378.56,402245917.0,56864701.0,56845797.0
TIGARD,OR,73,675.92,9.25917808219178,87096.0,34425.0,3.6,3.54,4.12,0.146985,813159.0,119522.0,0.21,318747.20547945204,383465638.0,56363697.0,56244175.0
MCKINLEYVILLE,CA,60,1378.0500000000002,22.967500000000005,18728.0,7402.0,3.99,4.05,4.62,0.244956,1859045.0,455384.0,0.81,170005.43500000003,229344132.0,56179221.0,55723837.0
LINDA,CA,15,133.35333333333332,8.890222222222222,37732.0,14914.0,5.02,5.76,5.74,0.244956,223511.0,54750.0,0.1,132588.77422222222,222229393.0,54436423.0,54381673.0
YUCCA VALLEY,CA,3,32.82,10.94,25415.0,10045.0,5.93,8.38,6.9,0.244956,66126.0,16198.0,0.03,109892.29999999999,221411006.0,54235954.0,54219756.0
LAGUNA BEACH,CA,4,55.83,13.9575,23557.0,9311.0,5.11,5.15,5.83,0.244956,95043.0,23281.0,0.04,129958.2825,221235782.0,54193032.0,54169751.0
LA VERNE,CA,3,28.62,9.540000000000001,32692.0,12922.0,5.31,6.14,6.06,0.244956,50644.0,12406.0,0.02,123275.88000000002,218139135.0,53434490.0,53422084.0
COALINGA,CA,177,2889.695,16.3259604519774,18491.0,7309.0,5.43,6.58,6.21,0.244956,5239942.0,1283555.0,2.42,119326.44494350282,216377029.0,53002852.0,51719297.0
LEBEC,CA,1,350.0,350.0,834.0,330.0,5.56,6.95,6.33,0.244956,646926.0,158468.0,0.3,115500.0,213485580.0,52294574.0,52136106.0
HOPE MILLS,NC,107,1677.8633333333332,15.680965732087227,39196.0,15492.0,4.51,4.58,5.18,0.141333,2537869.0,358685.0,0.69,242929.52112149532,367445476.0,51932171.0,51573486.0
HUNTINGTON PARK,CA,3,13.209999999999999,4.403333333333333,69349.0,27411.0,5.26,5.57,6.0,0.244956,23144.0,5669.0,0.01,120699.77,211465997.0,51799865.0,51794196.0
NEW SMYRNA BEACH,FL,14,193.265,13.804642857142856,42039.0,16616.0,4.94,4.88,5.47,0.141368,308691.0,43639.0,0.08,229377.94571428568,366371630.0,51793225.0,51749586.0
RICHGROVE,CA,2,10.66,5.33,56561.0,22356.0,5.36,6.03,6.02,0.244956,18739.0,4590.0,0.01,119157.48,209459785.0,51308431.0,51303841.0
EUREKA,CA,57,468.065,8.211666666666666,47944.0,18950.0,3.95,3.85,4.57,0.244956,624605.0,153001.0,0.3,155611.0833333333,207653654.0,50866008.0,50713007.0
LAKE OSWEGO,OR,6,91.02000000000001,15.170000000000002,47242.0,18673.0,3.57,3.44,4.08,0.146985,108438.0,15939.0,0.03,283269.41000000003,337475844.0,49603887.0,49587948.0
COLLEYVILLE,TX,24,490.76,20.448333333333334,26103.0,10317.0,4.77,5.09,5.36,0.149362,768098.0,114725.0,0.23,210965.45500000002,330186253.0,49317279.0,49202554.0
PARK CITY OF SAN ANTONIO,TX,1,8.666666666666666,8.666666666666666,63439.0,25075.0,4.69,4.53,5.13,0.149362,12982.0,1939.0,0.0,217316.66666666666,325531674.0,48622062.0,48620123.0
WILSONVILLE,OR,2,51.42,25.71,26902.0,10633.0,3.6,3.5,4.11,0.146985,61710.0,9070.0,0.02,273374.43,328082121.0,48223151.0,48214081.0
WORTHINGTON ,OH,38,1315.135,34.60881578947368,26601.0,10514.0,3.91,3.62,4.45,0.101888,1708886.0,174115.0,0.36,363877.08921052626,472821890.0,48174877.0,48000762.0
OREGON CITY,OR,37,441.08,11.92108108108108,57526.0,22738.0,3.59,3.49,4.11,0.146985,529349.0,77806.0,0.16,271061.5416216216,325306377.0,47815158.0,47737352.0
PORTOLA VALLEY,CA,129,4846.1050000000005,37.56670542635659,7960.0,3146.0,4.87,5.34,5.58,0.244956,7896050.0,1934185.0,4.1,118184.85527131784,192565676.0,47170118.0,45235933.0
FORT MYERS,FL,8,57.5,7.1875,71994.0,28457.0,5.07,4.92,5.58,0.141368,93688.0,13244.0,0.03,204534.6875,333260638.0,47112390.0,47099146.0
HOLIDAY,FL,7,101.62,14.517142857142858,33730.0,13332.0,5.06,5.03,5.6,0.141368,166169.0,23491.0,0.05,193542.54857142858,316480775.0,44740254.0,44716763.0
BLAINE,WA,3,127.8,42.6,18744.0,7409.0,3.48,3.54,4.08,0.118982,152256.0,18116.0,0.04,315623.4,376021094.0,44739742.0,44721626.0
HURST,TX,35,384.36,10.981714285714286,44067.0,17418.0,4.77,5.09,5.36,0.149362,601570.0,89852.0,0.2,191279.49942857143,299375370.0,44715304.0,44625452.0
MILWAUKIE,OR,89,856.97,9.628876404494383,67709.0,26763.0,3.54,3.38,4.04,0.146985,1010950.0,148594.0,0.33,257697.61921348318,304000727.0,44683547.0,44534953.0
CANYON COUNTRY,CA,2,14.62,7.31,33155.0,13105.0,5.54,6.74,6.36,0.244956,27151.0,6651.0,0.02,95797.54999999999,177907546.0,43579521.0,43572870.0
OXNARD,CA,4,39.46666666666667,9.866666666666667,26853.0,10614.0,4.99,5.32,5.74,0.244956,66149.0,16204.0,0.04,104724.8,175527143.0,42996427.0,42980223.0
DUNN,NC,1,22.0,22.0,22873.0,9041.0,4.49,4.56,5.16,0.141333,33148.0,4685.0,0.01,198902.0,299689621.0,42356033.0,42351348.0
HERNANDO,FL,52,1437.2116666666668,27.6386858974359,17281.0,6830.0,4.88,4.8,5.42,0.141368,2274589.0,321554.0,0.76,188772.22467948718,298758474.0,42234888.0,41913334.0
STUART,FL,1,25.0,25.0,18737.0,7406.0,5.03,4.88,5.52,0.141368,40296.0,5697.0,0.01,185150.0,298432176.0,42188760.0,42183063.0
LA MESA,CA,8,58.0,7.25,33218.0,13130.0,5.43,6.28,6.19,0.244956,104834.0,25680.0,0.06,95192.5,172058540.0,42146772.0,42121092.0
CASTAIC,CA,23,204.21,8.878695652173914,26478.0,10466.0,5.53,6.66,6.34,0.244956,378050.0,92606.0,0.22,92924.42869565218,172029136.0,42139569.0,42046963.0
MILL VALLEY,CA,917,7976.0380000000005,8.697969465648855,32706.0,12927.0,4.46,4.37,5.09,0.244956,11854626.0,2903862.0,7.09,112438.65128244275,167115319.0,40935900.0,38032038.0
BEVERLY HILLS,FL,39,922.6566666666666,23.657863247863247,18879.0,7462.0,4.88,4.8,5.42,0.141368,1460233.0,206430.0,0.52,176534.97555555555,279391314.0,39496991.0,39290561.0
RUSSELLVILLE,AR,106,1389.4733333333334,13.108238993710692,42302.0,16720.0,4.42,4.52,5.01,0.123176,2032688.0,250378.0,0.63,219169.7559748428,320627819.0,39493652.0,39243274.0
GOLETA,CA,1,4.4,4.4,52934.0,20923.0,5.19,5.86,5.97,0.244956,7670.0,1879.0,0.0,92061.20000000001,160484766.0,39311706.0,39309827.0
ALTADENA,CA,43,273.87833333333333,6.3692635658914725,35475.0,14022.0,5.26,5.88,6.01,0.244956,480635.0,117734.0,0.31,89309.81372093022,156731578.0,38392340.0,38274606.0
WESTLAKE VILLAGE,CA,19,219.38666666666666,11.546666666666667,18802.0,7432.0,5.43,6.4,6.23,0.244956,399099.0,97762.0,0.26,85814.82666666668,156110900.0,38240302.0,38142540.0
HOMOSASSA,FL,42,596.5016666666667,14.202420634920635,29919.0,11825.0,4.94,4.91,5.48,0.141368,954498.0,134935.0,0.36,167943.6240079365,268736669.0,37990765.0,37855830.0
SHELTON,WA,16,275.64,17.2275,40606.0,16050.0,3.41,3.23,3.94,0.118982,317118.0,37731.0,0.1,276501.375,318109302.0,37849281.0,37811550.0
LEHIGH ACRES,FL,1,13.53,13.53,30790.0,12170.0,5.05,4.94,5.56,0.141368,21966.0,3105.0,0.01,164660.1,267328966.0,37791761.0,37788656.0
DUNNELLON,FL,9,436.0933333333333,48.45481481481481,8411.0,3325.0,4.9,4.84,5.44,0.141368,692726.0,97929.0,0.27,161112.25925925924,255923602.0,36179408.0,36081479.0
ARROYO GRANDE,CA,5,33.33,6.6659999999999995,31345.0,12389.0,5.25,6.07,6.07,0.244956,59075.0,14471.0,0.04,82585.074,146377089.0,35855946.0,35841475.0
BLYTHE,CA,4,37.26,9.315,20319.0,8031.0,5.84,7.68,6.64,0.244956,72243.0,17696.0,0.05,74808.765,145045218.0,35529696.0,35512000.0
ANTELOPE,CA,1,4.6,4.6,47695.0,18852.0,5.03,5.68,5.72,0.244956,7683.0,1882.0,0.01,86719.2,144841877.0,35479887.0,35478005.0
DAY CITY OF SAN ANTONIO,TX,1,7.466666666666666,7.466666666666666,51933.0,20527.0,4.74,4.65,5.19,0.149362,11316.0,1690.0,0.0,153268.26666666666,232274993.0,34693058.0,34691368.0
MALIBU,CA,7,88.86666666666667,12.695238095238096,15918.0,6292.0,5.3,5.97,6.07,0.244956,157511.0,38583.0,0.11,79878.4380952381,141579739.0,34680807.0,34642224.0
VALLEY CENTER,CA,11,99.0,9.0,21727.0,8588.0,5.42,6.32,6.18,0.244956,178651.0,43762.0,0.13,77292.0,139478052.0,34165986.0,34122224.0
WEST LINN,OR,10,163.125,16.3125,30161.0,11921.0,3.58,3.46,4.09,0.146985,194817.0,28635.0,0.08,194461.3125,232241256.0,34135981.0,34107346.0
INVERNESS,FL,25,267.8333333333333,10.713333333333333,35887.0,14184.0,4.86,4.75,5.39,0.141368,421538.0,59592.0,0.18,151957.91999999998,239163531.0,33810070.0,33750478.0
BONITA,CA,13,141.73333333333332,10.902564102564101,17698.0,6995.0,5.38,6.06,6.16,0.244956,254939.0,62449.0,0.19,76263.43589743589,137176567.0,33602223.0,33539774.0
KENTFIELD,CA,423,6913.964,16.34506855791962,12815.0,5065.0,4.96,5.42,5.67,0.244956,11447035.0,2804020.0,8.35,82787.77224586289,137066747.0,33575322.0,30771302.0
LATHROP,CA,17,97.34,5.725882352941177,35395.0,13990.0,5.13,5.83,5.82,0.244956,165423.0,40521.0,0.12,80105.09411764707,136133801.0,33346791.0,33306270.0
HARBOR CITY,CA,1,7.38,7.38,26761.0,10577.0,5.23,5.43,5.96,0.244956,12844.0,3146.0,0.01,78058.26,135846351.0,33276379.0,33273233.0
AUBURN,CA,126,900.618,7.147761904761905,28459.0,11249.0,5.04,5.91,5.76,0.244956,1514767.0,371051.0,1.12,80405.17366666667,135235070.0,33126642.0,32755591.0
MOUNT AIRY,MD,15,168.65333333333334,11.243555555555556,33031.0,13056.0,4.1,4.12,4.8,0.160657,236385.0,37977.0,0.11,146795.86133333333,205749079.0,33055030.0,33017053.0
COLTON,CA,2,6.48,3.24,57365.0,22674.0,5.49,6.57,6.28,0.244956,11883.0,2911.0,0.01,73463.76000000001,134714905.0,32999224.0,32996313.0
MARCO ISLAND,FL,46,985.8733333333333,21.432028985507248,16205.0,6405.0,5.28,5.32,5.8,0.141368,1669675.0,236039.0,0.72,137272.14565217393,232484106.0,32865813.0,32629774.0
BOONSBORO,MD,2,76.06,38.03,9846.0,3892.0,4.05,3.93,4.71,0.160657,104607.0,16806.0,0.05,148012.76,203564909.0,32704128.0,32687322.0
ELKRIDGE,MD,8,76.895,9.611875,37363.0,14768.0,4.11,4.12,4.83,0.160657,108450.0,17423.0,0.05,141948.16999999998,200198021.0,32163213.0,32145790.0
CLEAR SPRING,MD,2,108.0,54.0,6721.0,2657.0,4.01,3.88,4.66,0.160657,146958.0,23610.0,0.08,143478.0,195233384.0,31365610.0,31342000.0
NATIONAL CITY,CA,1,3.0,3.0,59891.0,23672.0,5.38,6.06,6.16,0.244956,5396.0,1322.0,0.0,71016.0,127737900.0,31290165.0,31288843.0
PRAIRIE TWP,OH,1,10.0,10.0,59077.0,23351.0,3.96,3.73,4.5,0.101888,13140.0,1339.0,0.0,233510.0,306832140.0,31262513.0,31261174.0
SAN ANSELMO,CA,307,3652.398,11.897061889250814,16232.0,6416.0,4.97,5.45,5.68,0.244956,6057721.0,1483875.0,4.78,76331.54908143323,126600454.0,31011541.0,29527666.0
TEMPLE CITY,CA,2,10.24,5.12,35588.0,14066.0,5.27,5.75,6.02,0.244956,18000.0,4409.0,0.01,72017.92,126595980.0,31010445.0,31006036.0
OLIVEHURST,CA,9,50.56,5.617777777777778,33999.0,13438.0,5.0,5.66,5.71,0.244956,84300.0,20650.0,0.07,75491.69777777778,125868818.0,30832322.0,30811672.0
CITRUS SPRINGS,FL,15,469.5183333333334,31.301222222222226,11074.0,4377.0,4.88,4.8,5.42,0.141368,743078.0,105047.0,0.34,137005.44966666668,216830305.0,30652867.0,30547820.0
FERNDALE,WA,3,58.739999999999995,19.58,28498.0,11264.0,3.43,3.38,4.0,0.118982,68608.0,8163.0,0.03,220549.12,257601372.0,30649926.0,30641763.0
ALBANY,OR,18,111.72833333333334,6.20712962962963,67080.0,26514.0,3.8,3.9,4.32,0.146985,140939.0,20716.0,0.07,164575.83500000002,207602541.0,30514459.0,30493743.0
HANOVER,MD,1,13.9,13.9,24268.0,9592.0,4.12,4.1,4.83,0.160657,19604.0,3150.0,0.01,133328.80000000002,188041606.0,30210200.0,30207050.0
HEALDSBURG,CA,140,1620.4563333333333,11.574688095238095,16077.0,6355.0,4.92,5.56,5.66,0.244956,2678161.0,656032.0,2.2,73557.1428452381,121569361.0,29779144.0,29123112.0
LAUREL,MD,12,108.11666666666666,9.009722222222221,36866.0,14572.0,4.12,4.11,4.82,0.160657,152168.0,24447.0,0.08,131289.6722222222,184782336.0,29686576.0,29662129.0
BEAVERTON,OR,1,8.8,8.8,47895.0,18931.0,3.63,3.57,4.15,0.146985,10664.0,1567.0,0.01,166592.80000000002,201877155.0,29672914.0,29671347.0
PALMS,CA,2,11.7,5.85,26277.0,10386.0,5.83,7.86,6.79,0.244956,23197.0,5682.0,0.02,60758.1,120463870.0,29508348.0,29502666.0
DIXON,CA,152,1194.2616666666668,7.856984649122808,22223.0,8784.0,5.09,5.78,5.8,0.244956,2022602.0,495448.0,1.73,69015.75315789474,116885080.0,28631702.0,28136254.0
LECANTO,FL,9,218.03666666666666,24.226296296296297,13377.0,5287.0,4.86,4.76,5.39,0.141368,343164.0,48512.0,0.17,128084.42851851853,201589520.0,28498307.0,28449795.0
CARPINTERIA,CA,2,21.42,10.71,16317.0,6449.0,5.01,5.41,5.76,0.244956,36027.0,8825.0,0.03,69068.79000000001,116168179.0,28456092.0,28447267.0
DAVENPORT,FL,2,23.49,11.745,26731.0,10566.0,4.88,4.63,5.38,0.141368,36902.0,5217.0,0.02,124097.67,194952476.0,27560042.0,27554825.0
NUEVO,CA,45,646.86,14.374666666666666,10867.0,4295.0,5.46,6.4,6.24,0.244956,1178631.0,288713.0,1.05,61739.19333333333,112493749.0,27556019.0,27267306.0
MARBLE CLIFF,OH,1,22.0,22.0,23405.0,9251.0,3.94,3.67,4.48,0.101888,28780.0,2932.0,0.01,203522.0,266239340.0,27126594.0,27123662.0
HIDDEN VALLEY LAKE,CA,47,1333.3516666666667,28.36918439716312,5778.0,2284.0,5.07,6.12,5.84,0.244956,2273738.0,556966.0,2.06,64795.21716312057,110493988.0,27066165.0,26509199.0
FORTUNA,CA,3,40.61,13.536666666666667,14469.0,5719.0,4.1,4.16,4.75,0.244956,56326.0,13797.0,0.05,77416.19666666667,107376265.0,26302460.0,26288663.0
MIDDLETOWN,CA,17,777.8866666666667,45.758039215686274,3422.0,1353.0,5.05,6.08,5.8,0.244956,1317429.0,322712.0,1.26,61910.62705882353,104851838.0,25684087.0,25361375.0
WEST HILLS,CA,1,5.46,5.46,26580.0,10506.0,5.45,6.4,6.25,0.244956,9964.0,2441.0,0.01,57362.76,104687037.0,25643718.0,25641277.0
TUALATIN,OR,4,50.68,12.67,28930.0,11435.0,3.6,3.5,4.11,0.146985,60822.0,8940.0,0.03,144881.45,173875126.0,25557035.0,25548095.0
LOMA LINDA,CA,1,6.5,6.5,22051.0,8716.0,5.49,6.57,6.28,0.244956,11919.0,2920.0,0.01,56654.0,103889839.0,25448439.0,25445519.0
NEWHALL,CA,1,4.51,4.51,31989.0,12644.0,5.44,6.5,6.22,0.244956,8191.0,2006.0,0.01,57024.439999999995,103570069.0,25370110.0,25368104.0
ARCATA,CA,7,62.985,8.997857142857143,21980.0,8688.0,3.93,3.8,4.53,0.244956,83314.0,20408.0,0.08,78173.38285714286,103404624.0,25329583.0,25309175.0
STEVENSON RANCH,CA,68,425.36,6.255294117647059,22582.0,8926.0,5.5,6.66,6.3,0.244956,782492.0,191676.0,0.76,55834.755294117655,102713616.0,25160317.0,24968641.0
BROOKSVILLE,FL,2,13.0,6.5,43452.0,17175.0,4.88,4.76,5.42,0.141368,20574.0,2909.0,0.01,111637.5,176681973.0,24977177.0,24974268.0
DUARTE,CA,4,21.18,5.295,27589.0,10905.0,5.28,5.96,6.04,0.244956,37355.0,9150.0,0.04,57741.975,101838366.0,24945919.0,24936769.0
LINDSAY,CA,1,8.17,8.17,18115.0,7160.0,5.29,5.99,5.94,0.244956,14171.0,3471.0,0.01,58497.2,101462223.0,24853780.0,24850309.0
EDGEWOOD,MD,33,366.773,11.114333333333335,24960.0,9866.0,4.11,4.1,4.82,0.160657,516211.0,82933.0,0.33,109654.01266666668,154331444.0,24794427.0,24711494.0
SEQUIM,WA,3,46.379999999999995,15.459999999999999,31052.0,12274.0,3.21,3.12,3.74,0.118982,50651.0,6027.0,0.02,189756.03999999998,207228776.0,24656494.0,24650467.0
LOMITA,CA,2,13.79,6.895,21482.0,8491.0,5.16,5.3,5.88,0.244956,23677.0,5800.0,0.02,58545.445,100520187.0,24623023.0,24617223.0
NEW WINDSOR,MD,21,938.1666666666666,44.67460317460317,6261.0,2475.0,4.06,4.0,4.73,0.160657,1295758.0,208173.0,0.85,110569.64285714284,152714368.0,24534632.0,24326459.0
NORTH HIGHLANDS,CA,3,12.875,4.291666666666667,35451.0,14012.0,5.01,5.59,5.68,0.244956,21354.0,5231.0,0.02,60134.833333333336,99737229.0,24431233.0,24426002.0
PORTOLA HILLS,CA,11,51.435,4.675909090909091,30818.0,12181.0,5.23,5.58,5.96,0.244956,89513.0,21927.0,0.09,56957.248636363634,99123839.0,24280979.0,24259052.0
WINTERS,CA,9,124.745,13.860555555555557,10759.0,4253.0,5.04,5.65,5.75,0.244956,209447.0,51305.0,0.21,58948.94277777778,98975275.0,24244587.0,24193282.0
CANBY,OR,10,139.0,13.9,24293.0,9602.0,3.65,3.56,4.16,0.146985,168846.0,24818.0,0.1,133467.80000000002,162126006.0,23830091.0,23805273.0
MARIPOSA,CA,15,208.07,13.871333333333332,10006.0,3955.0,5.24,6.36,5.98,0.244956,363324.0,88998.0,0.38,54861.12333333333,95796299.0,23465878.0,23376880.0
FALLSTON,MD,19,361.51,19.026842105263157,13852.0,5475.0,4.08,4.09,4.78,0.160657,504581.0,81064.0,0.35,104171.96052631579,145399056.0,23359376.0,23278312.0
CRYSTAL RIVER,FL,16,214.77,13.423125,18890.0,7466.0,5.04,5.09,5.6,0.141368,351192.0,49647.0,0.21,100217.05125,163874922.0,23166670.0,23117023.0
ST PAULS,NC,1,24.0,24.0,11379.0,4498.0,4.51,4.52,5.16,0.141333,36161.0,5111.0,0.02,107952.0,162653437.0,22988298.0,22983187.0
TIBURON,CA,91,1037.563,11.40179120879121,12609.0,4984.0,4.94,5.26,5.64,0.244956,1708742.0,418567.0,1.83,56826.52738461539,93586471.0,22924568.0,22506001.0
SILVER LAKES (HELEND,CA,2,30.6,15.3,7606.0,3006.0,5.93,8.25,6.92,0.244956,61832.0,15146.0,0.07,45991.8,92932871.0,22764464.0,22749318.0
EXETER,CA,10,88.645,8.8645,14538.0,5746.0,5.29,5.99,5.95,0.244956,154012.0,37726.0,0.17,50935.417,88495193.0,21677428.0,21639702.0
SANDY,OR,9,145.27,16.141111111111112,19786.0,7821.0,3.48,3.34,3.99,0.146985,169251.0,24877.0,0.12,126239.63,147079268.0,21618446.0,21593569.0
HAPPY VALLEY,OR,13,116.965,8.997307692307693,34567.0,13663.0,3.55,3.41,4.06,0.146985,138664.0,20382.0,0.1,122930.21500000001,145736228.0,21421039.0,21400657.0
BONSALL,CA,3,74.0,24.666666666666668,5061.0,2000.0,5.29,5.75,6.05,0.244956,130728.0,32023.0,0.15,49333.333333333336,87152267.0,21348471.0,21316448.0
SHERWOOD,OR,12,130.03,10.835833333333333,27933.0,11041.0,3.62,3.57,4.14,0.146985,157191.0,23105.0,0.11,119638.43583333334,144628512.0,21258222.0,21235117.0
PHELAN,CA,10,50.995,5.0995,21580.0,8530.0,5.87,8.01,6.81,0.244956,101405.0,24840.0,0.12,43498.735,86498105.0,21188230.0,21163390.0
SMITHSBURG,MD,1,24.51,24.51,9910.0,3917.0,4.03,3.97,4.69,0.160657,33566.0,5393.0,0.03,96005.67000000001,131477845.0,21122836.0,21117443.0
LAKE ARROWHEAD,CA,5,93.86,18.772,6246.0,2469.0,5.54,7.34,6.34,0.244956,173761.0,42564.0,0.2,46348.068,85803251.0,21018021.0,20975457.0
ALPINE,CA,8,51.0,6.375,18197.0,7192.0,5.55,6.81,6.31,0.244956,93969.0,23018.0,0.11,45849.0,84477699.0,20693319.0,20670301.0
SNOHOMISH,WA,21,211.275,10.060714285714287,39826.0,15742.0,3.22,3.08,3.69,0.118982,227645.0,27086.0,0.13,158375.7642857143,170646719.0,20303888.0,20276802.0
ADELANTO,CA,1,2.7,2.7,38577.0,15248.0,5.92,8.15,6.89,0.244956,5432.0,1331.0,0.01,41169.600000000006,82828295.0,20289288.0,20287957.0
COLUMBIA,IL,41,822.3766666666667,20.057967479674797,14154.0,5594.0,4.21,4.3,4.85,0.12473,1164650.0,145267.0,0.73,112204.27008130081,158903687.0,19820057.0,19674790.0
THOUSAND PALMS,CA,7,92.62,13.231428571428571,7720.0,3051.0,5.88,7.72,6.82,0.244956,184447.0,45181.0,0.23,40369.08857142857,80392618.0,19692654.0,19647473.0
SANIBEL,FL,17,538.04,31.64941176470588,6418.0,2537.0,5.39,5.59,5.93,0.141368,931649.0,131705.0,0.67,80294.55764705883,139034844.0,19655078.0,19523373.0
REISTERSTOWN,MD,1,6.88,6.88,32088.0,12683.0,4.06,4.01,4.74,0.160657,9522.0,1530.0,0.01,87259.04,120773492.0,19403107.0,19401577.0
LONE TREE,CO,126,1067.21,8.469920634920635,22555.0,8915.0,4.84,6.15,5.83,0.149169,1816776.0,271007.0,1.41,75509.34246031746,128544084.0,19174792.0,18903785.0
FARMERSVILLE,CA,2,21.64,10.82,10405.0,4113.0,5.29,6.02,5.95,0.244956,37597.0,9210.0,0.05,44502.66,77318921.0,18939734.0,18930524.0
WOODLAKE,CA,1,10.66,10.66,10548.0,4169.0,5.24,6.03,5.93,0.244956,18458.0,4521.0,0.02,44441.54,76953193.0,18850146.0,18845625.0
BIG BEAR CITY,CA,1,10.56,10.56,9334.0,3689.0,5.77,8.25,6.67,0.244956,20567.0,5038.0,0.03,38955.840000000004,75871952.0,18585290.0,18580252.0
"APT 1209, KANSAS CITY",MO,1,10.0,10.0,23030.0,9103.0,4.24,4.57,4.97,0.129111,14512.0,1874.0,0.01,91030.0,132106377.0,17056386.0,17054512.0
JARRETTSVILLE,MD,15,410.47,27.36466666666667,7070.0,2794.0,4.05,4.03,4.74,0.160657,568123.0,91273.0,0.54,76456.87866666667,105822437.0,17001115.0,16909842.0
TEMPLETON,CA,10,86.53333333333333,8.653333333333332,11039.0,4363.0,5.48,6.72,6.29,0.244956,158934.0,38932.0,0.23,37754.49333333333,69342923.0,16985965.0,16947033.0
RANCHO SANTA FE,CA,6,75.0,12.5,7938.0,3138.0,5.28,5.81,6.03,0.244956,132057.0,32348.0,0.19,39225.0,69065811.0,16918085.0,16885737.0
CUTLER,CA,2,34.65,17.325,5764.0,2278.0,5.28,6.11,5.96,0.244956,60302.0,14771.0,0.09,39466.35,68684078.0,16824577.0,16809806.0
MONTROSE,CA,6,75.96333333333334,12.660555555555556,7532.0,2977.0,5.39,6.42,6.16,0.244956,136637.0,33470.0,0.2,37690.47388888889,67794609.0,16606696.0,16573226.0
NIPOMO,CA,24,105.08,4.378333333333333,21611.0,8542.0,5.33,6.28,6.16,0.244956,189009.0,46299.0,0.28,37399.72333333333,67271630.0,16478589.0,16432290.0
JOPPA,MD,26,275.73333333333335,10.605128205128207,17307.0,6841.0,4.11,4.13,4.82,0.160657,388078.0,62347.0,0.38,72549.68205128206,102109325.0,16404578.0,16342231.0
LITTLEROCK,CA,11,75.935,6.903181818181818,12275.0,4852.0,5.86,7.86,6.82,0.244956,151220.0,37042.0,0.23,33494.23818181818,66701766.0,16338998.0,16301956.0
FINKSBURG,MD,42,744.4093333333333,17.724031746031745,10481.0,4143.0,4.07,4.02,4.74,0.160657,1030322.0,165528.0,1.01,73430.66352380952,101633913.0,16328200.0,16162672.0
JAMUL,CA,11,110.0,10.0,9114.0,3602.0,5.46,6.43,6.22,0.244956,199786.0,48939.0,0.31,36020.0,65420965.0,16025258.0,15976319.0
"CAMINO SAN CARLOS, JONATA RANCH BOBCAT SPRINGS",CA,1,15.58,15.58,5737.0,2268.0,5.47,6.51,6.3,0.244956,28661.0,7021.0,0.04,35335.44,65003075.0,15922893.0,15915872.0
HOMELAND,CA,59,632.6,10.722033898305085,8312.0,3285.0,5.53,6.64,6.32,0.244956,1167425.0,285968.0,1.8,35221.88135593221,64999869.0,15922108.0,15636140.0
SPRING LAKE,NC,7,54.93,7.847142857142857,24000.0,9486.0,4.46,4.52,5.12,0.141333,82123.0,11607.0,0.07,74437.99714285714,111287783.0,15728636.0,15717029.0
INGLEWOOD,CA,24,86.14,3.589166666666667,25430.0,10051.0,5.24,5.43,5.99,0.244956,150666.0,36907.0,0.24,36074.714166666665,63097561.0,15456126.0,15419219.0
CLACKAMAS,OR,20,177.82,8.891,24433.0,9657.0,3.55,3.41,4.06,0.146985,210809.0,30986.0,0.21,85860.387,101789206.0,14961486.0,14930500.0
SCOTTSVILLE,VA,3,66.0,22.0,8229.0,3253.0,4.25,4.3,4.96,0.144105,95589.0,13775.0,0.09,71566.0,103650469.0,14936551.0,14922776.0
ARTESIA,CA,3,16.47,5.489999999999999,15889.0,6280.0,5.23,5.45,5.96,0.244956,28663.0,7021.0,0.05,34477.2,60001361.0,14697693.0,14690672.0
FAIRFAX,CA,86,935.414,10.876906976744186,8406.0,3323.0,4.96,5.42,5.67,0.244956,1548709.0,379366.0,2.59,36143.96188372093,59841389.0,14658507.0,14279141.0
JESSUP,MD,3,28.86,9.62,16814.0,6646.0,4.12,4.11,4.82,0.160657,40619.0,6526.0,0.05,63934.52,89984001.0,14456560.0,14450034.0
FULTON,MD,1,24.0,24.0,6624.0,2618.0,4.13,4.16,4.84,0.160657,33919.0,5449.0,0.04,62832.0,88799209.0,14266215.0,14260766.0
LAWNDALE,CA,2,5.25,2.625,32075.0,12678.0,5.18,5.24,5.91,0.244956,9060.0,2219.0,0.02,33279.75,57431530.0,14068198.0,14065979.0
TREASURE ISLAND,FL,4,38.6,9.65,15298.0,6047.0,5.25,5.4,5.8,0.141368,65373.0,9242.0,0.07,58353.55,98827572.0,13971056.0,13961814.0
JOSHUA TREE,CA,6,54.39,9.065,7538.0,2979.0,5.95,8.37,6.92,0.244956,109903.0,26921.0,0.2,27004.635,54566646.0,13366427.0,13339506.0
WOODBINE,MD,9,156.4633333333333,17.384814814814813,8643.0,3416.0,4.1,4.1,4.79,0.160657,218842.0,35158.0,0.26,59386.527407407404,83062748.0,13344612.0,13309454.0
GLENELG,MD,1,60.0,60.0,2474.0,978.0,4.12,4.14,4.82,0.160657,84446.0,13567.0,0.1,58680.0,82588579.0,13268433.0,13254866.0
TANEYTOWN,MD,17,221.45,13.026470588235293,11645.0,4603.0,4.04,3.94,4.7,0.160657,303918.0,48827.0,0.37,59960.84411764705,82290262.0,13220507.0,13171680.0
MANCHESTER,MD,34,413.01666666666665,12.147549019607842,12162.0,4807.0,4.05,4.01,4.73,0.160657,570442.0,91646.0,0.71,58393.2681372549,80650446.0,12957059.0,12865413.0
GROVER BEACH,CA,88,544.5333333333333,6.1878787878787875,12600.0,4980.0,5.09,5.67,5.86,0.244956,931762.0,228241.0,1.77,30815.63636363636,52729252.0,12916347.0,12688106.0
ATHERTON,CA,4,43.94,10.985,7002.0,2768.0,5.09,5.65,5.83,0.244956,74802.0,18323.0,0.14,30406.48,51762775.0,12679602.0,12661279.0
EARLYSVILLE,VA,2,44.0,22.0,6983.0,2760.0,4.23,4.3,4.95,0.144105,63598.0,9165.0,0.07,60720.0,87764688.0,12647330.0,12638165.0
ACTON,CA,22,188.91,8.586818181818181,7786.0,3077.0,5.77,7.51,6.67,0.244956,367929.0,90126.0,0.71,26421.63954545454,51459842.0,12605397.0,12515271.0
HERMOSA BEACH,CA,2,8.15,4.075,19063.0,7535.0,5.02,4.99,5.73,0.244956,13636.0,3340.0,0.03,30705.125,51374587.0,12584513.0,12581173.0
OROSI,CA,3,18.233333333333334,6.077777777777778,11741.0,4641.0,5.28,6.11,5.96,0.244956,31732.0,7773.0,0.06,28206.96666666667,49089148.0,12024681.0,12016908.0
DAMASCUS,OR,15,174.945,11.663,15101.0,5969.0,3.51,3.33,4.01,0.146985,204847.0,30109.0,0.25,69616.447,81515290.0,11981525.0,11951416.0
CROZET,VA,13,206.75,15.903846153846153,9148.0,3616.0,4.21,4.28,4.93,0.144105,297629.0,42890.0,0.36,57508.30769230769,82786659.0,11929971.0,11887081.0
MOUNTAIN CENTER,CA,6,171.57999999999998,28.596666666666664,2157.0,853.0,5.84,7.97,6.76,0.244956,338685.0,82963.0,0.7,24392.956666666665,48149745.0,11794569.0,11711606.0
SAUSALITO,CA,91,612.336,6.7289670329670335,11724.0,4634.0,4.46,4.37,5.09,0.244956,910103.0,222935.0,1.96,31182.033230769233,46345232.0,11352543.0,11129608.0
PINON HILLS,CA,4,45.84,11.46,5149.0,2035.0,5.79,7.78,6.72,0.244956,89949.0,22034.0,0.2,23321.100000000002,45761595.0,11209577.0,11187543.0
IDYLLWILD,CA,14,213.26,15.232857142857142,4016.0,1587.0,5.6,7.52,6.42,0.244956,399786.0,97930.0,0.88,24174.544285714284,45318568.0,11101055.0,11003125.0
TOPANGA,CA,2,19.79,9.895,6315.0,2496.0,5.45,6.4,6.25,0.244956,36117.0,8847.0,0.08,24697.92,45073704.0,11041074.0,11032227.0
NICE,CA,10,265.9866666666667,26.598666666666666,2484.0,982.0,5.04,6.11,5.82,0.244956,452028.0,110727.0,1.02,26119.890666666666,44389187.0,10873398.0,10762671.0
ESTACADA,OR,3,39.56,13.186666666666667,12111.0,4787.0,3.49,3.37,4.0,0.146985,46206.0,6792.0,0.06,63124.573333333334,73729502.0,10837131.0,10830339.0
PARKTON,NC,2,36.0,18.0,7055.0,2789.0,4.51,4.58,5.18,0.141333,54452.0,7696.0,0.07,50202.0,75933537.0,10731915.0,10724219.0
TIPTON,CA,2,32.64,16.32,3818.0,1509.0,5.32,5.95,5.96,0.244956,56804.0,13914.0,0.13,24626.88,42858652.0,10498484.0,10484570.0
LOS OSOS,CA,8,36.38,4.5475,14197.0,5611.0,4.86,5.09,5.59,0.244956,59382.0,14546.0,0.14,25516.022500000003,41649293.0,10202244.0,10187698.0
KESWICK,VA,5,115.0,23.0,5256.0,2077.0,4.24,4.29,4.96,0.144105,166557.0,24002.0,0.24,47771.0,69187695.0,9970293.0,9946291.0
STREET,MD,4,68.0,17.0,6544.0,2587.0,4.05,4.0,4.73,0.160657,93919.0,15089.0,0.15,43979.0,60742036.0,9758633.0,9743544.0
EARLIMART,CA,1,6.3,6.3,9057.0,3580.0,5.34,5.97,5.99,0.244956,11019.0,2699.0,0.03,22554.0,39448750.0,9663208.0,9660509.0
EVERSON,WA,2,40.0,20.0,9115.0,3603.0,3.31,3.22,3.85,0.118982,44968.0,5350.0,0.06,72060.0,81009852.0,9638714.0,9633364.0
MARRIOTTSVILLE,MD,3,53.2,17.733333333333334,6052.0,2392.0,4.09,4.06,4.78,0.160657,74254.0,11929.0,0.13,42418.13333333334,59205534.0,9511783.0,9499854.0
CAMP FAR WEST,CA,2,22.005000000000003,11.002500000000001,5032.0,1989.0,5.15,5.81,5.84,0.244956,37525.0,9192.0,0.1,21883.972500000003,37318301.0,9141342.0,9132150.0
STRATHMORE,CA,1,9.84,9.84,5531.0,2186.0,5.29,5.99,5.94,0.244956,17067.0,4181.0,0.05,21510.239999999998,37309081.0,9139083.0,9134902.0
TORRANCE,CA,5,14.509999999999998,2.9019999999999997,18467.0,7299.0,5.23,5.43,5.96,0.244956,25252.0,6186.0,0.07,21181.697999999997,36862933.0,9029797.0,9023611.0
GODWIN,NC,2,42.64,21.32,4806.0,1900.0,4.5,4.56,5.16,0.141333,64247.0,9080.0,0.11,40508.0,61034214.0,8626149.0,8617069.0
BALDWIN,MD,3,51.04,17.013333333333332,5610.0,2217.0,4.08,4.06,4.77,0.160657,71091.0,11421.0,0.14,37718.56,52535919.0,8440263.0,8428842.0
AGUANGA,CA,9,140.24,15.582222222222223,2970.0,1174.0,5.64,7.04,6.45,0.244956,264128.0,64700.0,0.77,18293.52888888889,34454032.0,8439722.0,8375022.0
SANTA YNEZ,CA,2,15.16,7.58,6039.0,2387.0,5.5,6.61,6.35,0.244956,28110.0,6886.0,0.08,18093.46,33548894.0,8218003.0,8211117.0
STEDMAN,NC,14,226.88833333333332,16.206309523809523,5963.0,2357.0,4.5,4.54,5.15,0.141333,341195.0,48222.0,0.59,38198.27154761904,57442561.0,8118529.0,8070307.0
BELCAMP,MD,6,81.74000000000001,13.623333333333335,6648.0,2628.0,4.11,4.1,4.82,0.160657,115044.0,18483.0,0.23,35802.12,50389336.0,8095400.0,8076917.0
LINDEN,NC,14,193.19833333333332,13.799880952380951,6579.0,2600.0,4.49,4.57,5.16,0.141333,291096.0,41141.0,0.54,35879.69047619047,54060647.0,7640553.0,7599412.0
GLENWOOD,MD,2,42.81,21.405,3696.0,1461.0,4.12,4.14,4.82,0.160657,60253.0,9680.0,0.14,31272.705,44014456.0,7071230.0,7061550.0
JULIAN,CA,1,12.0,12.0,3218.0,1272.0,5.62,7.38,6.39,0.244956,22391.0,5485.0,0.08,15264.0,28480792.0,6976541.0,6971056.0
CAMBRIA,CA,4,25.64,6.41,6399.0,2529.0,5.14,5.82,5.93,0.244956,44397.0,10875.0,0.16,16210.890000000001,28070129.0,6875947.0,6865072.0
GLADSTONE,OR,16,127.72,7.9825,12347.0,4880.0,3.59,3.49,4.11,0.146985,153279.0,22530.0,0.33,38954.6,46750195.0,6871577.0,6849047.0
CARRBORO,NC,4,23.333333333333332,5.833333333333333,13868.0,5481.0,4.42,4.5,5.11,0.141333,34816.0,4921.0,0.07,31972.5,47706807.0,6742546.0,6737625.0
INDIAN WELLS,CA,3,21.78,7.260000000000001,4871.0,1925.0,5.81,7.52,6.72,0.244956,42738.0,10469.0,0.16,13975.500000000002,27423285.0,6717498.0,6707029.0
OCEANO,CA,4,23.15,5.7875,6857.0,2710.0,5.09,5.67,5.86,0.244956,39612.0,9703.0,0.15,15684.124999999998,26837420.0,6573987.0,6564284.0
FLORAL CITY,FL,4,35.14566666666666,8.786416666666666,8205.0,3243.0,4.85,4.73,5.38,0.141368,55212.0,7805.0,0.12,28494.349249999996,44763483.0,6328124.0,6320319.0
LUCERNE VALLEY,CA,1,4.95,4.95,6543.0,2586.0,5.89,8.16,6.88,0.244956,9944.0,2436.0,0.04,12800.7,25716094.0,6299312.0,6296876.0
WHITE HALL,MD,3,41.16,13.719999999999999,5221.0,2064.0,4.04,3.97,4.71,0.160657,56608.0,9094.0,0.15,28318.079999999998,38946422.0,6257015.0,6247921.0
CLEARLAKE OAKS,CA,6,64.43,10.738333333333335,3513.0,1389.0,5.05,6.02,5.82,0.244956,109495.0,26821.0,0.43,14915.545000000002,25348074.0,6209163.0,6182342.0
UPPER LAKE,CA,13,149.15833333333333,11.47371794871795,3242.0,1281.0,5.03,6.14,5.79,0.244956,252179.0,61773.0,1.01,14697.832692307693,24849332.0,6086993.0,6025220.0
HIGHLAND,MD,1,20.61,20.61,3221.0,1273.0,4.13,4.16,4.84,0.160657,29128.0,4680.0,0.08,26236.53,37079563.0,5957091.0,5952411.0
CH,NC,6,44.0,7.333333333333333,9662.0,3819.0,4.48,4.44,5.1,0.141333,65525.0,9261.0,0.16,28006.0,41706535.0,5894510.0,5885249.0
BENBOW,CA,1,15.22,15.22,2463.0,974.0,4.71,5.47,5.4,0.244956,23999.0,5879.0,0.1,14824.28,23374925.0,5725828.0,5719949.0
LA GRANGE,CA,4,46.24,11.56,2954.0,1168.0,5.18,5.99,5.89,0.244956,79527.0,19481.0,0.34,13502.08,23221957.0,5688358.0,5668877.0
"APT 1207, KANSAS CITY",MO,1,8.0,8.0,9422.0,3724.0,4.25,4.57,4.96,0.129111,11587.0,1496.0,0.03,29792.0,43148349.0,5570926.0,5569430.0
LUCERNE,CA,22,205.89,9.358636363636363,3638.0,1438.0,5.02,5.96,5.77,0.244956,346892.0,84973.0,1.53,13457.71909090909,22674103.0,5554158.0,5469185.0
PINE VALLEY,CA,3,35.0,11.666666666666666,2574.0,1017.0,5.7,7.52,6.48,0.244956,66226.0,16222.0,0.29,11865.0,22450478.0,5499379.0,5483157.0
UPPERCO,MD,1,18.4,18.4,3313.0,1309.0,4.06,4.01,4.74,0.160657,25467.0,4091.0,0.08,24085.6,33336397.0,5355726.0,5351635.0
LAKE HUGHES,CA,1,10.0,10.0,2930.0,1158.0,5.6,7.27,6.43,0.244956,18776.0,4599.0,0.09,11580.0,21742145.0,5325869.0,5321270.0
AURORA,OR,4,47.019999999999996,11.754999999999999,6358.0,2513.0,3.67,3.61,4.2,0.146985,57665.0,8476.0,0.16,29540.315,36228242.0,5325008.0,5316532.0
ST MARYS ST CITY OF SAN ANTONIO,TX,1,38.4,38.4,1538.0,608.0,4.76,4.64,5.21,0.149362,58419.0,8726.0,0.16,23347.2,35518562.0,5305123.0,5296397.0
BORING,OR,16,147.53,9.220625,8336.0,3295.0,3.49,3.3,4.0,0.146985,172315.0,25328.0,0.49,30381.959375,35486129.0,5215929.0,5190601.0
BEAVERCREEK,OR,9,150.2,16.688888888888886,4496.0,1777.0,3.54,3.44,4.05,0.146985,177627.0,26109.0,0.51,29656.15555555555,35071370.0,5154965.0,5128856.0
DAYTON,MD,2,44.72,22.36,2569.0,1015.0,4.12,4.14,4.82,0.160657,62941.0,10112.0,0.2,22695.399999999998,31942414.0,5131772.0,5121660.0
INGLIS,FL,1,16.0,16.0,3565.0,1409.0,4.94,4.93,5.49,0.141368,25649.0,3626.0,0.07,22544.0,36139836.0,5109016.0,5105390.0
THREE RIVERS,CA,5,67.56,13.512,2199.0,869.0,5.31,6.56,6.06,0.244956,119549.0,29284.0,0.58,11741.928,20777576.0,5089592.0,5060308.0
MULINO,OR,7,146.13,20.875714285714285,3361.0,1328.0,3.61,3.54,4.13,0.146985,176227.0,25903.0,0.53,27722.94857142857,33432767.0,4914115.0,4888212.0
SAN ANTONIO,FL,1,8.7,8.7,6273.0,2479.0,4.94,4.85,5.47,0.141368,13896.0,1964.0,0.04,21567.3,34448154.0,4869867.0,4867903.0
FAIRPLAY,MD,1,42.48,42.48,1275.0,504.0,4.05,3.93,4.71,0.160657,58424.0,9386.0,0.2,21409.92,29445491.0,4730624.0,4721238.0
MENTONE,CA,2,5.584,2.792,9284.0,3670.0,5.51,6.78,6.31,0.244956,10289.0,2520.0,0.05,10246.64,18879639.0,4624681.0,4622161.0
KNOXVILLE,MD,1,11.48,11.48,4409.0,1743.0,4.08,4.02,4.75,0.160657,15923.0,2558.0,0.06,20009.64,27753371.0,4458773.0,4456215.0
WHITE WATER,CA,13,210.271,16.174692307692307,1419.0,561.0,5.83,7.76,6.74,0.244956,413830.0,101370.0,2.32,9074.002384615385,17858363.0,4374513.0,4273143.0
ROSEBORO,NC,1,7.505,7.505,6961.0,2751.0,4.48,4.47,5.13,0.141333,11242.0,1589.0,0.04,20646.255,30927264.0,4371043.0,4369454.0
CAMPO,CA,1,7.0,7.0,3325.0,1314.0,5.71,7.42,6.5,0.244956,13286.0,3254.0,0.08,9198.0,17457804.0,4276394.0,4273140.0
NORTH GARDEN,VA,2,54.0,27.0,1923.0,760.0,4.23,4.3,4.95,0.144105,78052.0,11248.0,0.26,20520.0,29659608.0,4274098.0,4262850.0
COLTON,OR,5,88.88,17.776,3427.0,1355.0,3.59,3.48,4.1,0.146985,106407.0,15640.0,0.37,24086.48,28836334.0,4238509.0,4222869.0
HUBBARD,OR,1,11.6,11.6,5044.0,1994.0,3.7,3.63,4.22,0.146985,14294.0,2101.0,0.05,23130.399999999998,28502204.0,4189396.0,4187295.0
SUGARLOAF,CA,2,21.6,10.8,2042.0,807.0,5.77,8.25,6.67,0.244956,42069.0,10305.0,0.25,8715.6,16974851.0,4158092.0,4147787.0
LOWER LAKE,CA,15,112.58,7.505333333333334,3122.0,1234.0,5.07,6.12,5.84,0.244956,191980.0,47027.0,1.22,9261.581333333334,15793589.0,3868734.0,3821707.0
PYLESVILLE,MD,9,125.16,13.906666666666666,3160.0,1249.0,4.05,4.03,4.74,0.160657,173231.0,27831.0,0.72,17369.426666666666,24040676.0,3862303.0,3834472.0
SAN MIGUEL,CA,6,24.599999999999998,4.1,5207.0,2058.0,5.48,6.76,6.3,0.244956,45254.0,11085.0,0.29,8437.8,15522177.0,3802250.0,3791165.0
CB,NC,23,143.5,6.239130434782608,7136.0,2821.0,4.58,4.48,5.19,0.141333,217471.0,30736.0,0.82,17600.58695652174,26673338.0,3769823.0,3739087.0
CRESTON,CA,2,34.56,17.28,1142.0,451.0,5.52,6.88,6.33,0.244956,63879.0,15648.0,0.44,7793.280000000001,14404787.0,3528539.0,3512891.0
BLACK CITY OF SAN ANTONIO,TX,1,7.333333333333333,7.333333333333333,5200.0,2055.0,4.76,4.64,5.21,0.149362,11156.0,1666.0,0.05,15070.0,22926292.0,3424317.0,3422651.0
WHITEFORD,MD,2,31.15,15.575,2441.0,965.0,4.03,3.96,4.7,0.160657,42750.0,6868.0,0.21,15029.875,20627000.0,3313872.0,3307004.0
CHURCHVILLE,MD,4,46.91,11.7275,3103.0,1226.0,4.09,4.08,4.78,0.160657,65475.0,10519.0,0.33,14377.914999999999,20068119.0,3224084.0,3213565.0
AUTRYVILLE,NC,5,52.74,10.548,3644.0,1440.0,4.49,4.52,5.14,0.141333,79156.0,11187.0,0.35,15189.12,22797046.0,3221975.0,3210788.0
ARROW BEAR PK,CA,2,6.56,3.28,5215.0,2061.0,5.74,8.04,6.61,0.244956,12662.0,3102.0,0.1,6760.08,13047766.0,3196129.0,3193027.0
FERNDALE,CA,4,29.64,7.41,3050.0,1206.0,4.1,4.16,4.75,0.244956,41111.0,10070.0,0.33,8936.460000000001,12394870.0,3036198.0,3026128.0
CABAZON,CA,5,43.365,8.673,1887.0,746.0,5.61,7.28,6.44,0.244956,81547.0,19975.0,0.67,6470.058,12166815.0,2980334.0,2960359.0
WESTHAVEN,CA,6,51.87,8.645,2640.0,1043.0,3.95,3.88,4.55,0.244956,68914.0,16881.0,0.58,9016.734999999999,11979634.0,2934483.0,2917602.0
EAGLE CREEK,OR,3,38.04,12.68,3319.0,1312.0,3.54,3.36,4.06,0.146985,45097.0,6629.0,0.23,16636.16,19722500.0,2898912.0,2892283.0
DARLINGTON,MD,4,44.83,11.2075,2846.0,1125.0,4.07,4.04,4.75,0.160657,62179.0,9989.0,0.36,12608.4375,17487903.0,2809554.0,2799565.0
HAMILTON TWP,OH,1,22.0,22.0,2415.0,955.0,3.94,3.66,4.47,0.101888,28715.0,2926.0,0.1,21010.0,27423092.0,2794084.0,2791158.0
SANTA MARGARITA,CA,3,20.44,6.8133333333333335,2344.0,926.0,5.37,6.52,6.15,0.244956,36706.0,8991.0,0.32,6309.1466666666665,11329966.0,2775343.0,2766352.0
WOODACRE,CA,65,649.335,9.989769230769232,1689.0,668.0,4.84,5.21,5.55,0.244956,1052312.0,257770.0,9.73,6673.165846153847,10814533.0,2649085.0,2391315.0
BORREGO SPRINGS,CA,2,9.0,4.5,3007.0,1189.0,5.84,7.54,6.72,0.244956,17660.0,4326.0,0.17,5350.5,10498965.0,2571784.0,2567458.0
WADE,NC,8,89.46,11.1825,2688.0,1062.0,4.51,4.58,5.17,0.141333,135052.0,19087.0,0.75,11875.814999999999,17928205.0,2533847.0,2514760.0
BROWNS VALLEY,CA,3,29.840000000000003,9.946666666666667,1566.0,619.0,4.99,5.74,5.71,0.244956,49753.0,12187.0,0.48,6156.986666666667,10265667.0,2514637.0,2502450.0
POINT ROBERTS,WA,1,30.0,30.0,1288.0,509.0,3.51,3.57,4.09,0.118982,35828.0,4263.0,0.2,15270.0,18236656.0,2169834.0,2165571.0
OSTEEN,FL,1,8.799999999999999,8.799999999999999,2789.0,1102.0,4.88,4.77,5.4,0.141368,13876.0,1962.0,0.09,9697.599999999999,15291176.0,2161683.0,2159721.0
CAYUCOS,CA,2,7.9799999999999995,3.9899999999999998,3125.0,1235.0,5.28,6.25,6.1,0.244956,14214.0,3482.0,0.16,4927.65,8777130.0,2150011.0,2146529.0
CATHEYS VALLEY,CA,2,27.0,13.5,939.0,371.0,5.22,6.19,5.95,0.244956,46910.0,11491.0,0.54,5008.5,8701768.0,2131550.0,2120059.0
COBB,CA,10,101.185,10.118500000000001,1257.0,497.0,5.04,6.21,5.78,0.244956,170776.0,41833.0,2.01,5028.8945,8487567.0,2079080.0,2037247.0
SHARPSBURG,MD,1,6.3,6.3,3704.0,1464.0,4.05,3.93,4.71,0.160657,8665.0,1392.0,0.07,9223.199999999999,12684851.0,2037910.0,2036518.0
MORONGO VALLEY,CA,1,2.44,2.44,4209.0,1664.0,5.91,8.16,6.86,0.244956,4888.0,1197.0,0.06,4060.16,8132988.0,1992224.0,1991027.0
WB,NC,11,92.0,8.363636363636363,2776.0,1097.0,4.58,4.57,5.21,0.141333,139961.0,19781.0,1.0,9174.90909090909,13957973.0,1972722.0,1952941.0
KEYMAR,MD,2,16.7,8.35,2671.0,1056.0,4.03,3.93,4.7,0.160657,22919.0,3682.0,0.19,8817.6,12101274.0,1944154.0,1940472.0
YERMO,CA,1,3.8,3.8,2609.0,1031.0,5.76,7.68,6.73,0.244956,7468.0,1829.0,0.1,3917.7999999999997,7699104.0,1885942.0,1884113.0
POTRERO,CA,1,15.0,15.0,689.0,272.0,5.63,7.09,6.39,0.244956,27988.0,6856.0,0.37,4080.0,7612790.0,1864799.0,1857943.0
CUSTER,WA,1,9.24,9.24,3593.0,1420.0,3.41,3.45,3.99,0.118982,10765.0,1281.0,0.07,13120.800000000001,15286782.0,1818852.0,1817571.0
BOLINAS,CA,77,655.342,8.510935064935065,1372.0,542.0,4.68,4.92,5.36,0.244956,1025689.0,251249.0,14.21,4612.926805194806,7219784.0,1768529.0,1517280.0
LLANO,CA,2,17.759999999999998,8.879999999999999,1027.0,406.0,5.87,7.93,6.82,0.244956,35368.0,8664.0,0.49,3605.2799999999997,7179699.0,1758710.0,1750046.0
NICASIO,CA,71,1108.562,15.613549295774646,715.0,283.0,4.84,5.21,5.55,0.244956,1796536.0,440072.0,25.09,4418.634450704225,7160839.0,1754090.0,1314018.0
POINT REYES STATION,CA,109,1195.705,10.969770642201834,1080.0,427.0,4.39,4.26,5.02,0.244956,1752712.0,429337.0,25.53,4684.092064220183,6866130.0,1681900.0,1252563.0
SHANDON,CA,1,5.915,5.915,1548.0,612.0,5.48,6.69,6.3,0.244956,10881.0,2665.0,0.16,3619.98,6659315.0,1631239.0,1628574.0
WELCHES,OR,4,43.72,10.93,2125.0,840.0,3.53,3.63,4.12,0.146985,52597.0,7731.0,0.48,9181.199999999999,11045351.0,1623501.0,1615770.0
LOLETA,CA,3,19.745,6.581666666666667,1880.0,743.0,3.98,3.89,4.61,0.244956,26579.0,6511.0,0.4,4890.178333333333,6582767.0,1612488.0,1605977.0
WARNER SPRINGS,CA,2,12.0,6.0,1406.0,556.0,5.71,7.47,6.52,0.244956,22846.0,5596.0,0.36,3336.0,6351210.0,1555767.0,1550171.0
CEDAR GLEN,CA,1,11.5,11.5,724.0,286.0,5.62,7.61,6.44,0.244956,21626.0,5297.0,0.35,3289.0,6184899.0,1515028.0,1509731.0
PEARBLOSSOM,CA,3,17.84,5.946666666666666,1319.0,521.0,5.87,7.93,6.82,0.244956,35527.0,8703.0,0.58,3098.213333333333,6169906.0,1511355.0,1502652.0
KNEELAND,CA,3,33.68,11.226666666666667,1024.0,405.0,3.99,4.09,4.64,0.244956,45632.0,11178.0,0.74,4546.8,6160368.0,1509019.0,1497841.0
SAN QUENTIN,CA,2,7.96,3.98,2344.0,926.0,4.94,5.26,5.64,0.244956,13109.0,3211.0,0.22,3685.48,6069543.0,1486771.0,1483560.0
KB,NC,12,94.0,7.833333333333333,2131.0,842.0,4.53,4.53,5.16,0.141333,141632.0,20017.0,1.43,6595.666666666666,9937823.0,1404542.0,1384525.0
HYDESVILLE,CA,5,40.72,8.144,1263.0,499.0,4.15,4.31,4.82,0.244956,57311.0,14039.0,1.0,4063.856,5719633.0,1401058.0,1387019.0
BAYSIDE,CA,3,19.84,6.613333333333333,1634.0,646.0,3.93,3.8,4.53,0.244956,26244.0,6429.0,0.46,4272.213333333333,5651113.0,1384274.0,1377845.0
WILLOW CREEK,CA,5,40.99,8.198,1089.0,430.0,4.58,5.42,5.26,0.244956,62957.0,15422.0,1.16,3525.1400000000003,5414333.0,1326273.0,1310851.0
SCHUYLER,VA,1,11.0,11.0,1429.0,565.0,4.25,4.34,4.97,0.144105,15964.0,2300.0,0.18,6215.0,9019457.0,1299749.0,1297449.0
FOREST KNOLLS,CA,23,180.615,7.852826086956522,1033.0,408.0,4.84,5.21,5.55,0.244956,292705.0,71700.0,5.64,3203.953043478261,5192326.0,1271891.0,1200191.0
"ADU, RANCHO SANTA FE",CA,4,30.0,7.5,972.0,384.0,5.27,5.76,6.02,0.244956,52735.0,12918.0,1.04,2880.0,5062579.0,1240109.0,1227191.0
OREGON HOUSE,CA,2,12.0,6.0,1110.0,439.0,5.0,5.99,5.74,0.244956,20113.0,4927.0,0.46,2634.0,4414795.0,1081431.0,1076504.0
INVERNESS,CA,96,715.524,7.453375,1009.0,399.0,4.39,4.26,5.02,0.244956,1048844.0,256921.0,24.06,2973.8966250000003,4359257.0,1067826.0,810905.0
LAKE PILLSBURY,CA,1,4.933333333333334,4.933333333333334,1315.0,520.0,5.03,6.29,5.81,0.244956,8369.0,2050.0,0.19,2565.3333333333335,4352139.0,1066083.0,1064033.0
BLUE LAKE,CA,4,20.7,5.175,1441.0,570.0,4.33,5.01,5.01,0.244956,30282.0,7418.0,0.7,2949.75,4315248.0,1057046.0,1049628.0
SAN GERONIMO,CA,42,354.86199999999997,8.449095238095238,739.0,292.0,4.84,5.21,5.55,0.244956,575089.0,140872.0,14.38,2467.1358095238093,3998240.0,979393.0,838521.0
HUMBOLDT COUNTY,CA,5,36.6,7.32,764.0,302.0,4.35,4.79,5.0,0.244956,53436.0,13089.0,1.66,2210.64,3227534.0,790604.0,777515.0
GREENWOOD,VA,1,24.0,24.0,402.0,159.0,4.21,4.27,4.92,0.144105,34479.0,4969.0,0.63,3816.0,5482218.0,790015.0,785046.0
NORTH PALM SPRINGS,CA,3,23.19,7.73,474.0,187.0,5.88,7.91,6.82,0.244956,46181.0,11312.0,1.6,1445.51,2878646.0,705142.0,693830.0
MIDPINES,CA,1,14.4,14.4,279.0,110.0,5.24,6.42,6.0,0.244956,25229.0,6180.0,0.91,1584.0,2775168.0,679794.0,673614.0
LAGUNITAS,CA,34,292.045,8.589558823529412,437.0,173.0,4.76,5.01,5.46,0.244956,465613.0,114055.0,19.65,1485.9936764705883,2369149.0,580337.0,466282.0
SAN SIMEON,CA,1,15.84,15.84,217.0,86.0,4.96,5.34,5.69,0.244956,26318.0,6447.0,1.16,1362.24,2263335.0,554417.0,547970.0
GUATAY,CA,2,12.0,6.0,494.0,195.0,5.64,7.39,6.4,0.244956,22426.0,5493.0,1.03,1170.0,2186496.0,535595.0,530102.0
TOMALES,CA,17,176.01000000000002,10.353529411764708,276.0,109.0,4.64,4.8,5.33,0.244956,273935.0,67102.0,15.6,1128.5347058823531,1756406.0,430242.0,363140.0
ALLENSPARK,CO,1,8.05,8.05,663.0,262.0,4.01,4.61,4.58,0.149169,10766.0,1606.0,0.38,2109.1000000000004,2820626.0,420750.0,419144.0
DILLON BEACH,CA,59,542.83,9.200508474576273,293.0,116.0,4.36,4.22,4.97,0.244956,787777.0,192971.0,50.86,1067.2589830508475,1548849.0,379400.0,186429.0
ORLEANS,CA,1,2.59,2.59,949.0,375.0,4.62,5.61,5.34,0.244956,4039.0,989.0,0.27,971.25,1514451.0,370974.0,369985.0
STINSON BEACH,CA,116,906.802,7.817258620689655,255.0,101.0,4.68,4.92,5.36,0.244956,1419254.0,347655.0,100.0,789.5431206896552,1235730.0,302699.0,-44956.0
HONEYDEW,CA,1,8.1,8.1,194.0,77.0,4.63,5.34,5.33,0.244956,12607.0,3088.0,1.3,623.6999999999999,970702.0,237779.0,234691.0
MARSHALL,CA,16,136.848,8.553,148.0,58.0,4.59,4.65,5.26,0.244956,210188.0,51487.0,27.59,496.07400000000007,761930.0,186639.0,135152.0
COVESVILLE,VA,1,15.0,15.0,145.0,57.0,4.26,4.36,4.98,0.144105,21812.0,3143.0,1.75,855.0,1243307.0,179167.0,176024.0
FALCON,NC,3,41.86666666666667,13.955555555555556,145.0,57.0,4.5,4.56,5.16,0.141333,63081.0,8915.0,5.26,795.4666666666667,1198546.0,169394.0,160479.0
WITTER SPRINGS,CA,1,4.0,4.0,228.0,90.0,5.03,6.14,5.79,0.244956,6763.0,1657.0,1.11,360.0,608645.0,149091.0,147434.0
DESERT CENTER,CA,2,10.719999999999999,5.359999999999999,144.0,57.0,5.86,7.83,6.8,0.244956,21286.0,5214.0,3.51,305.52,606641.0,148600.0,143386.0
BROWNSVILLE,MD,1,28.0,28.0,20.0,8.0,4.08,4.05,4.76,0.160657,38918.0,6252.0,12.5,224.0,311342.0,50019.0,43767.0
OLEMA,CA,9,90.96000000000001,10.106666666666667,22.0,9.0,4.76,5.01,5.46,0.244956,145019.0,35523.0,100.0,90.96000000000001,145019.0,35523.0,0.0
FINLEY,CA,1,2.64,2.64,0.0,0.0,5.05,6.05,5.81,0.244956,4479.0,1097.0,100.0,0.0,0.0,0.0,-1097.0
"A/B, PHELAN",CA,1,22.05,22.05,,,,,,0.244956,28974.0,7097.0,,,,,
ADOBE YORBA LINDA,CA,1,14.0,14.0,,,,,,0.244956,18396.0,4506.0,,,,,
"ADU, BONITA",CA,1,9.0,9.0,,,,,,0.244956,11826.0,2897.0,,,,,
"ADU, EL CAJON",CA,2,11.0,5.5,,,,,,0.244956,14454.0,3541.0,,,,,
"ADU, LAKESIDE",CA,1,3.0,3.0,,,,,,0.244956,3942.0,966.0,,,,,
"ADU, RAMONA",CA,2,13.0,6.5,,,,,,0.244956,17082.0,4184.0,,,,,
ANGELINA YORBA LINDA,CA,1,13.333333333333334,13.333333333333334,,,,,,0.244956,17520.0,4292.0,,,,,
ANGWIN,CA,2,27.0,13.5,,,,,,0.244956,35478.0,8691.0,,,,,
"APT 1803, KANSAS CITY",MO,1,8.0,8.0,,,,,,0.129111,10512.0,1357.0,,,,,
APT 211 KANSAS CITY,MO,1,8.0,8.0,,,,,,0.129111,10512.0,1357.0,,,,,
ARBOGA,CA,2,14.195,7.0975,,,,,,0.244956,18652.0,4569.0,,,,,
BIG LAGOON,CA,1,5.2,5.2,,,,,,0.244956,6833.0,1674.0,,,,,
BLOOMINGTON,CA,3,9.55,3.1833333333333336,,,,,,0.244956,12549.0,3074.0,,,,,
C HANFORD,CA,1,8.91,8.91,,,,,,0.244956,11708.0,2868.0,,,,,
"C, SANTA MONICA",CA,1,4.86,4.86,,,,,,0.244956,6386.0,1564.0,,,,,
CANARIAS YORBA LINDA,CA,1,11.6,11.6,,,,,,0.244956,15242.0,3734.0,,,,,
CARRETAS YORBA LINDA,CA,1,11.6,11.6,,,,,,0.244956,15242.0,3734.0,,,,,
"CARSON, CA",CA,1,7.7,7.7,,,,,,0.244956,10118.0,2478.0,,,,,
CARY,NC,19,181.13333333333333,9.533333333333333,,,,,,0.141333,238009.0,33639.0,,,,,
CHINO,CA,2,17.84,8.92,,,,,,0.244956,23442.0,5742.0,,,,,
CLEARLAKE PARK,CA,2,29.16,14.58,,,5.02,5.96,5.77,0.244956,49130.0,12035.0,,,,,
"CLUBHOUSE, SPOKANE",WA,2,18.0,9.0,,,,,,0.118982,23652.0,2814.0,,,,,
COLUMBIA,MO,4,74.26666666666667,18.566666666666666,,,,,,0.129111,97586.0,12599.0,,,,,
COUNTY,TX,3,48.25333333333334,16.084444444444447,,,,,,0.149362,63405.0,9470.0,,,,,
CROWN POINT,IL,1,20.0,20.0,,,,,,0.12473,26280.0,3278.0,,,,,
"CROWN POINT,",IN,4,76.0,19.0,,,,,,0.147657,99864.0,14746.0,,,,,
D CARSON,CA,1,240.9,240.9,,,,,,0.244956,316543.0,77539.0,,,,,
"DARRAH, MARIPOSA COUNTY",CA,1,7.733333333333333,7.733333333333333,,,,,,0.244956,10162.0,2489.0,,,,,
DEL RI O,TX,1,13.3,13.3,,,,,,0.149362,17476.0,2610.0,,,,,
DEL RIO ,TX,29,329.8933333333333,11.375632183908046,,,,,,0.149362,433480.0,64745.0,,,,,
DEL RIO  ,TX,2,21.740000000000002,10.870000000000001,,,,,,0.149362,28566.0,4267.0,,,,,
DETOUR,MD,1,630.5,630.5,,,,,,0.160657,828477.0,133101.0,,,,,
DL RIO,TX,1,4.8,4.8,,,,,,0.149362,6307.0,942.0,,,,,
DUBIN,CA,1,5.67,5.67,,,,,,0.244956,7450.0,1825.0,,,,,
EASTOVER,NC,8,258.1333333333333,32.266666666666666,,,,,,0.141333,339187.0,47938.0,,,,,
"EL CERRITO, ORCUTT",CA,1,6.0,6.0,,,,,,0.244956,7884.0,1931.0,,,,,
ELDERSBURG,MD,39,3234.2516666666666,82.92952991452991,,,,,,0.160657,4249807.0,682761.0,,,,,
EMERALD HILLS,CA,5,45.70666666666666,9.141333333333332,,,,,,0.244956,60059.0,14712.0,,,,,
"ESMERALDA, ORCUTT",CA,1,6.56,6.56,,,,,,0.244956,8620.0,2112.0,,,,,
"F, OAKLAND",CA,1,5.6,5.6,,,,,,0.244956,7358.0,1802.0,,,,,
FAIRVIEW,CA,5,105.045,21.009,,,,,,0.244956,138029.0,33811.0,,,,,
FAL,NC,1,18.0,18.0,,,,,,0.141333,23652.0,3343.0,,,,,
FALLON,CA,1,24.6,24.6,,,,,,0.244956,32324.0,7918.0,,,,,
FAY,NC,15,182.32,12.154666666666666,,,,,,0.141333,239568.0,33859.0,,,,,
FIELDBROOK,CA,7,54.02,7.717142857142858,,,,,,0.244956,70982.0,17387.0,,,,,
GARBERVILLE,CA,1,6.075,6.075,,,,,,0.244956,7983.0,1955.0,,,,,
GILROY                   ,CA,63,245.085,3.8902380952380953,,,,,,0.244956,322042.0,78886.0,,,,,
GOSHEN,CA,1,9.9,9.9,,,,,,0.244956,13009.0,3187.0,,,,,
GOSHEN (VISALIA),CA,14,57.84,4.131428571428572,,,,,,0.244956,76002.0,18617.0,,,,,
GREENBRAE,CA,168,1373.896,8.17795238095238,,,,,,0.244956,1805299.0,442219.0,,,,,
HANDFORD,CA,1,7.29,7.29,,,,,,0.244956,9579.0,2346.0,,,,,
"HANFORD, CA",CA,2,67.95,33.975,,,,,,0.244956,89286.0,21871.0,,,,,
HELENA,CA,4,86.465,21.61625,,,,,,0.244956,113615.0,27831.0,,,,,
HI,HI,185,2273.7283333333335,12.290423423423425,,,,,,0.428639,2987679.0,1280636.0,,,,,
HIDDENVALLRY LAKE,CA,1,12.4,12.4,,,,,,0.244956,16294.0,3991.0,,,,,
HM,NC,7,63.666666666666664,9.095238095238095,,,,,,0.141333,83658.0,11824.0,,,,,
HOLLISTER,CA,13,2331.34,179.33384615384617,,,,,,0.244956,3063381.0,750394.0,,,,,
"HOUSE, NOVATO",CA,1,4.536,4.536,,,,,,0.244956,5960.0,1460.0,,,,,
LA CRESCENTA,CA,16,147.17,9.198125,,,,,,0.244956,193381.0,47370.0,,,,,
LAKE COUNTY,CA,1,12.0,12.0,,,,,,0.244956,15768.0,3862.0,,,,,
LAKE FOREST,CA,4,43.06666666666666,10.766666666666666,,,,,,0.244956,56590.0,13862.0,,,,,
LIN,NC,1,10.0,10.0,,,,,,0.141333,13140.0,1857.0,,,,,
LINDA YORBA LINDA,CA,1,15.466666666666669,15.466666666666669,,,,,,0.244956,20323.0,4978.0,,,,,
LINN,OR,1,9.24,9.24,,,,,,0.146985,12141.0,1785.0,,,,,
LIVERMORE,CA,1,12.0,12.0,,,,,,0.244956,15768.0,3862.0,,,,,
"LOS SOMBRAS, GREENBRAE",CA,2,13.76,6.88,,,,,,0.244956,18081.0,4429.0,,,,,
MADISON TWP,OH,1,22.0,22.0,,,,,,0.101888,28908.0,2945.0,,,,,
"MAIN, BONITA",CA,1,7.0,7.0,,,,,,0.244956,9198.0,2253.0,,,,,
"MAIN, EL CAJON",CA,1,9.0,9.0,,,,,,0.244956,11826.0,2897.0,,,,,
"MAIN, ESCONDIDO",CA,1,23.0,23.0,,,,,,0.244956,30222.0,7403.0,,,,,
"MAIN, FALLBROOK",CA,2,25.0,12.5,,,,,,0.244956,32850.0,8047.0,,,,,
"MAIN, LAKESIDE",CA,1,11.0,11.0,,,,,,0.244956,14454.0,3541.0,,,,,
"MAIN, SAN DIEGO",CA,1,20.0,20.0,,,,,,0.244956,26280.0,6437.0,,,,,
"MAIN, SPRING VALLEY",CA,2,16.0,8.0,,,,,,0.244956,21024.0,5150.0,,,,,
"MAIN, VISTA",CA,1,7.0,7.0,,,,,,0.244956,9198.0,2253.0,,,,,
MANZANILLO YORBA LINDA,CA,3,29.866666666666667,9.955555555555556,,,,,,0.244956,39245.0,9613.0,,,,,
MCALLEN,TX,1,60.0,60.0,,,,,,0.149362,78840.0,11776.0,,,,,
MISSION VIEJO,CA,1,4.48,4.48,,,,,,0.244956,5887.0,1442.0,,,,,
MONTECITO,CA,1,4.4,4.4,,,,,,0.244956,5782.0,1416.0,,,,,
MORRISVILLE,NC,229,3651.9283333333333,15.947285298398835,,,,,,0.141333,4798634.0,678205.0,,,,,
MOUNTAIN VIEW,CA,1,11.62,11.62,,,,,,0.244956,15269.0,3740.0,,,,,
MT. AIRY,MD,5,64.38,12.876,,,,,,0.160657,84595.0,13591.0,,,,,
MT.AIRY,MD,3,149.86666666666667,49.955555555555556,,,,,,0.160657,196925.0,31637.0,,,,,
MUIR BEACH,CA,7,50.67,7.238571428571428,,,,,,0.244956,66580.0,16309.0,,,,,
NAPA,CA,11,111.51,10.137272727272729,,,,,,0.244956,146524.0,35892.0,,,,,
NEW WINDSOR PIKE,MD,1,19.333333333333332,19.333333333333332,,,,,,0.160657,25404.0,4081.0,,,,,
NUYS,CA,1,8.933333333333334,8.933333333333334,,,,,,0.244956,11738.0,2875.0,,,,,
OAK YORBA LINDA,CA,2,45.599999999999994,22.799999999999997,,,,,,0.244956,59918.0,14677.0,,,,,
ORCUTT,CA,2,10.75,5.375,,,,,,0.244956,14126.0,3460.0,,,,,
PALM,HI,1,5.74,5.74,,,,,,0.428639,7542.0,3233.0,,,,,
PLUMAS LAKE,CA,9,84.69,9.41,,,,,,0.244956,111283.0,27259.0,,,,,
POINT REYES,CA,1,741.0,741.0,,,,,,0.244956,973674.0,238507.0,,,,,
"PRECIOSA SUR, SAN DIEGO",CA,1,24.266666666666666,24.266666666666666,,,,,,0.244956,31886.0,7811.0,,,,,
PRIMARIA YORBA LINDA,CA,2,23.733333333333334,11.866666666666667,,,,,,0.244956,31186.0,7639.0,,,,,
PUNI MAUKA,HI,1,5.33,5.33,,,,,,0.428639,7004.0,3002.0,,,,,
QUINTA,CA,6,85.55,14.258333333333333,,,,,,0.244956,112413.0,27536.0,,,,,
QUINTA YORBA LINDA,CA,1,10.266666666666667,10.266666666666667,,,,,,0.244956,13490.0,3304.0,,,,,
RIOS YORBA LINDA,CA,1,16.266666666666666,16.266666666666666,,,,,,0.244956,21374.0,5236.0,,,,,
ROOF MOUNTED SOLAR,CA,1,14.958,14.958,,,,,,0.244956,19655.0,4815.0,,,,,
"RUSSELLVILLE,",AR,1,9.75,9.75,,,,,,0.123176,12812.0,1578.0,,,,,
SAN JOSE,CA,2,156.01,78.005,,,,,,0.244956,204997.0,50215.0,,,,,
SAN JUAN BAUTISTA,CA,2,766.5999999999999,383.29999999999995,,,,,,0.244956,1007312.0,246747.0,,,,,
SAN LEANDRO,CA,9,46.8,5.199999999999999,,,,,,0.244956,61495.0,15064.0,,,,,
SANLUCAR YORBA LINDA,CA,1,13.866666666666667,13.866666666666667,,,,,,0.244956,18221.0,4463.0,,,,,
SANTA BARBARA UNINCORPORATED,CA,5,295.09,59.017999999999994,,,,,,0.244956,387748.0,94981.0,,,,,
"SEACAPE, SAUSALITO",CA,1,7.79,7.79,,,,,,0.244956,10236.0,2507.0,,,,,
"SHED, NOVATO",CA,1,3.024,3.024,,,,,,0.244956,3974.0,973.0,,,,,
SOUTH EL MONTE,CA,26,275.7056666666667,10.604064102564102,,,,,,0.244956,362277.0,88742.0,,,,,
SOUTHLAKE,TX,1,26.0,26.0,,,,,,0.149362,34164.0,5103.0,,,,,
SPRINGVILLE,CA,1,3.45,3.45,,,,,,0.244956,4533.0,1110.0,,,,,
ST HELENA,CA,2,7.04,3.52,,,,,,0.244956,9251.0,2266.0,,,,,
STD,NC,3,78.0,26.0,,,,,,0.141333,102492.0,14486.0,,,,,
STOCKTON,CA,171,1429.1733333333334,8.357738791423003,,,,,,0.244956,1877934.0,460011.0,,,,,
"STONEFIELD CHASE, SAN DIEGO",CA,1,5.72,5.72,,,,,,0.244956,7516.0,1841.0,,,,,
STP,NC,1,10.0,10.0,,,,,,0.141333,13140.0,1857.0,,,,,
THE VILLAGE,OK,1,12.0,12.0,,,,,,0.122371,15768.0,1930.0,,,,,
"TORRE, SAN DIEGO",CA,1,4.08,4.08,,,,,,0.244956,5361.0,1313.0,,,,,
TRABUCO CANYON,CA,3,24.51833333333333,8.172777777777776,,,,,,0.244956,32217.0,7892.0,,,,,
TREE,CO,1,3.9,3.9,,,,,,0.149169,5125.0,764.0,,,,,
TRINIDAD,CA,4,30.09,7.5225,,,,,,0.244956,39538.0,9685.0,,,,,
TROVADOR YORBA LINDA,CA,1,14.4,14.4,,,,,,0.244956,18922.0,4635.0,,,,,
UNINCORPORATED,CO,4,33.68,8.42,,,,,,0.149169,44256.0,6602.0,,,,,
UNIT 901-C1 KANSAS CITY,MO,1,10.0,10.0,,,,,,0.129111,13140.0,1697.0,,,,,
UNPERMITTED HANFORD,CA,1,9.333333333333334,9.333333333333334,,,,,,0.244956,12264.0,3004.0,,,,,
VANDENBERG VILLAGE,CA,3,10.66,3.5533333333333332,,,,,,0.244956,14007.0,3431.0,,,,,
VECINO,CA,1,12.0,12.0,,,,,,0.244956,15768.0,3862.0,,,,,
WALNUT CREEK,CA,11,102.675,9.334090909090909,,,,,,0.244956,134915.0,33048.0,,,,,
WARR ACRES,OK,2,32.13333333333333,16.066666666666666,,,,,,0.122371,42223.0,5167.0,,,,,
WEST LINDA,CA,1,7.04,7.04,,,,,,0.244956,9251.0,2266.0,,,,,
WEST SACRAMENTO,CA,10,100.53999999999999,10.053999999999998,,,,,,0.244956,132110.0,32361.0,,,,,
WHEATLAND,CA,1,4.0,4.0,,,,,,0.244956,5256.0,1287.0,,,,,
WORTHINGTON,OH,10,148.07999999999998,14.807999999999998,,,,,,0.101888,194577.0,19825.0,,,,,
YUCCA MESA,CA,1,20.25,20.25,,,,,,0.244956,26608.0,6518.0,,,,,
