year_month,year,month,source,count
2010-01,2010,1,solarcity,5
2010-01,2010,1,sullivan,9
2010-01,2010,1,titan,54
2010-02,2010,2,solarcity,16
2010-02,2010,2,sullivan,7
2010-02,2010,2,sunrun,8
2010-02,2010,2,titan,72
2010-03,2010,3,solarcity,4
2010-03,2010,3,sullivan,8
2010-03,2010,3,sunrun,19
2010-03,2010,3,titan,96
2010-04,2010,4,solarcity,12
2010-04,2010,4,sullivan,11
2010-04,2010,4,sunrun,16
2010-04,2010,4,titan,76
2010-05,2010,5,solarcity,7
2010-05,2010,5,sullivan,7
2010-05,2010,5,sunrun,11
2010-05,2010,5,titan,57
2010-06,2010,6,solarcity,4
2010-06,2010,6,sullivan,5
2010-06,2010,6,sunrun,26
2010-06,2010,6,titan,82
2010-07,2010,7,solarcity,14
2010-07,2010,7,sullivan,7
2010-07,2010,7,sunrun,20
2010-07,2010,7,titan,83
2010-08,2010,8,solarcity,8
2010-08,2010,8,sullivan,6
2010-08,2010,8,sunrun,9
2010-08,2010,8,titan,76
2010-09,2010,9,solarcity,8
2010-09,2010,9,sullivan,9
2010-09,2010,9,sunrun,13
2010-09,2010,9,titan,83
2010-10,2010,10,solarcity,11
2010-10,2010,10,sullivan,8
2010-10,2010,10,sunrun,14
2010-10,2010,10,titan,74
2010-11,2010,11,solarcity,14
2010-11,2010,11,sullivan,16
2010-11,2010,11,sunrun,22
2010-11,2010,11,titan,94
2010-12,2010,12,solarcity,8
2010-12,2010,12,sullivan,6
2010-12,2010,12,sunrun,13
2010-12,2010,12,titan,100
2011-01,2011,1,solarcity,14
2011-01,2011,1,sullivan,13
2011-01,2011,1,sunrun,14
2011-01,2011,1,titan,83
2011-02,2011,2,solarcity,26
2011-02,2011,2,sullivan,11
2011-02,2011,2,sunrun,13
2011-02,2011,2,titan,57
2011-03,2011,3,solarcity,11
2011-03,2011,3,sullivan,12
2011-03,2011,3,sunrun,13
2011-03,2011,3,titan,111
2011-04,2011,4,solarcity,7
2011-04,2011,4,sullivan,9
2011-04,2011,4,sunrun,18
2011-04,2011,4,titan,80
2011-05,2011,5,solarcity,14
2011-05,2011,5,sullivan,8
2011-05,2011,5,sunrun,11
2011-05,2011,5,titan,87
2011-06,2011,6,solarcity,7
2011-06,2011,6,sullivan,9
2011-06,2011,6,sunrun,16
2011-06,2011,6,titan,162
2011-07,2011,7,solarcity,8
2011-07,2011,7,sullivan,9
2011-07,2011,7,sunrun,11
2011-07,2011,7,titan,117
2011-08,2011,8,solarcity,8
2011-08,2011,8,sullivan,8
2011-08,2011,8,sunrun,10
2011-08,2011,8,titan,114
2011-09,2011,9,solarcity,5
2011-09,2011,9,sullivan,6
2011-09,2011,9,sunrun,16
2011-09,2011,9,titan,99
2011-10,2011,10,solarcity,17
2011-10,2011,10,sullivan,12
2011-10,2011,10,sunrun,18
2011-10,2011,10,titan,70
2011-11,2011,11,solarcity,5
2011-11,2011,11,sullivan,32
2011-11,2011,11,sunrun,15
2011-11,2011,11,titan,87
2011-12,2011,12,solarcity,12
2011-12,2011,12,sullivan,14
2011-12,2011,12,sunrun,14
2011-12,2011,12,titan,96
2012-01,2012,1,solarcity,14
2012-01,2012,1,sullivan,31
2012-01,2012,1,sunrun,7
2012-01,2012,1,titan,138
2012-02,2012,2,solarcity,11
2012-02,2012,2,sullivan,22
2012-02,2012,2,sunrun,10
2012-02,2012,2,titan,83
2012-03,2012,3,solarcity,8
2012-03,2012,3,sullivan,22
2012-03,2012,3,sunrun,10
2012-03,2012,3,titan,102
2012-04,2012,4,solarcity,12
2012-04,2012,4,sullivan,15
2012-04,2012,4,sunrun,6
2012-04,2012,4,titan,121
2012-05,2012,5,solarcity,12
2012-05,2012,5,sullivan,17
2012-05,2012,5,sunrun,16
2012-05,2012,5,titan,107
2012-06,2012,6,solarcity,9
2012-06,2012,6,sullivan,24
2012-06,2012,6,sunrun,7
2012-06,2012,6,titan,112
2012-07,2012,7,records,2
2012-07,2012,7,solarcity,20
2012-07,2012,7,sullivan,17
2012-07,2012,7,sunrun,4
2012-07,2012,7,titan,148
2012-08,2012,8,records,1
2012-08,2012,8,solarcity,24
2012-08,2012,8,sullivan,29
2012-08,2012,8,sunrun,10
2012-08,2012,8,titan,123
2012-09,2012,9,records,1
2012-09,2012,9,solarcity,16
2012-09,2012,9,sullivan,39
2012-09,2012,9,sunrun,19
2012-09,2012,9,titan,124
2012-10,2012,10,records,1
2012-10,2012,10,solarcity,35
2012-10,2012,10,sullivan,19
2012-10,2012,10,sunrun,17
2012-10,2012,10,titan,133
2012-11,2012,11,records,1
2012-11,2012,11,solarcity,54
2012-11,2012,11,sullivan,27
2012-11,2012,11,sunrun,13
2012-11,2012,11,titan,109
2012-12,2012,12,solarcity,28
2012-12,2012,12,sullivan,19
2012-12,2012,12,sunrun,31
2012-12,2012,12,titan,119
2013-01,2013,1,solarcity,65
2013-01,2013,1,sullivan,27
2013-01,2013,1,sunrun,25
2013-01,2013,1,titan,118
2013-02,2013,2,solarcity,47
2013-02,2013,2,sullivan,15
2013-02,2013,2,sunrun,19
2013-02,2013,2,titan,115
2013-03,2013,3,solarcity,84
2013-03,2013,3,sullivan,24
2013-03,2013,3,sunrun,22
2013-03,2013,3,titan,113
2013-04,2013,4,solarcity,96
2013-04,2013,4,sullivan,25
2013-04,2013,4,sunrun,20
2013-04,2013,4,titan,140
2013-05,2013,5,solarcity,43
2013-05,2013,5,sullivan,23
2013-05,2013,5,sunrun,26
2013-05,2013,5,titan,142
2013-06,2013,6,solarcity,29
2013-06,2013,6,sullivan,25
2013-06,2013,6,sunrun,18
2013-06,2013,6,titan,150
2013-07,2013,7,solarcity,34
2013-07,2013,7,sullivan,22
2013-07,2013,7,sunrun,20
2013-07,2013,7,titan,112
2013-08,2013,8,solarcity,24
2013-08,2013,8,sullivan,34
2013-08,2013,8,sunrun,22
2013-08,2013,8,titan,122
2013-09,2013,9,solarcity,25
2013-09,2013,9,sullivan,34
2013-09,2013,9,sunrun,28
2013-09,2013,9,titan,103
2013-10,2013,10,solarcity,49
2013-10,2013,10,sullivan,52
2013-10,2013,10,sunrun,27
2013-10,2013,10,titan,159
2013-11,2013,11,records,2
2013-11,2013,11,solarcity,28
2013-11,2013,11,sullivan,23
2013-11,2013,11,sunrun,18
2013-11,2013,11,titan,121
2013-12,2013,12,solarcity,26
2013-12,2013,12,sullivan,38
2013-12,2013,12,sunrun,33
2013-12,2013,12,titan,130
2014-01,2014,1,records,30
2014-01,2014,1,solarcity,48
2014-01,2014,1,sullivan,28
2014-01,2014,1,sunrun,28
2014-01,2014,1,titan,156
2014-02,2014,2,records,20
2014-02,2014,2,solarcity,35
2014-02,2014,2,sullivan,22
2014-02,2014,2,sunrun,19
2014-02,2014,2,titan,143
2014-03,2014,3,records,11
2014-03,2014,3,solarcity,33
2014-03,2014,3,sullivan,30
2014-03,2014,3,sunrun,18
2014-03,2014,3,titan,196
2014-04,2014,4,records,9
2014-04,2014,4,solarcity,43
2014-04,2014,4,sullivan,24
2014-04,2014,4,sunrun,25
2014-04,2014,4,titan,155
2014-05,2014,5,records,3
2014-05,2014,5,solarcity,54
2014-05,2014,5,sullivan,33
2014-05,2014,5,sunrun,22
2014-05,2014,5,titan,184
2014-06,2014,6,records,8
2014-06,2014,6,solarcity,67
2014-06,2014,6,sullivan,40
2014-06,2014,6,sunrun,45
2014-06,2014,6,titan,136
2014-07,2014,7,records,6
2014-07,2014,7,solarcity,72
2014-07,2014,7,sullivan,32
2014-07,2014,7,sunrun,57
2014-07,2014,7,titan,175
2014-08,2014,8,records,9
2014-08,2014,8,solarcity,57
2014-08,2014,8,sullivan,31
2014-08,2014,8,sunrun,55
2014-08,2014,8,titan,171
2014-09,2014,9,records,7
2014-09,2014,9,solarcity,90
2014-09,2014,9,sullivan,33
2014-09,2014,9,sunrun,69
2014-09,2014,9,titan,177
2014-10,2014,10,records,11
2014-10,2014,10,solarcity,77
2014-10,2014,10,sullivan,46
2014-10,2014,10,sunrun,65
2014-10,2014,10,titan,191
2014-11,2014,11,records,12
2014-11,2014,11,solarcity,49
2014-11,2014,11,sullivan,37
2014-11,2014,11,sunrun,44
2014-11,2014,11,titan,174
2014-12,2014,12,records,13
2014-12,2014,12,solarcity,46
2014-12,2014,12,sullivan,29
2014-12,2014,12,sunrun,66
2014-12,2014,12,titan,266
2015-01,2015,1,records,11
2015-01,2015,1,solarcity,46
2015-01,2015,1,sullivan,45
2015-01,2015,1,sunrun,62
2015-01,2015,1,titan,212
2015-02,2015,2,records,17
2015-02,2015,2,solarcity,48
2015-02,2015,2,sullivan,41
2015-02,2015,2,sunrun,65
2015-02,2015,2,titan,215
2015-03,2015,3,records,12
2015-03,2015,3,solarcity,49
2015-03,2015,3,sullivan,36
2015-03,2015,3,sunrun,62
2015-03,2015,3,titan,235
2015-04,2015,4,records,8
2015-04,2015,4,solarcity,66
2015-04,2015,4,sullivan,32
2015-04,2015,4,sunrun,76
2015-04,2015,4,titan,265
2015-05,2015,5,records,4
2015-05,2015,5,solarcity,65
2015-05,2015,5,sullivan,62
2015-05,2015,5,sunrun,54
2015-05,2015,5,titan,222
2015-06,2015,6,records,11
2015-06,2015,6,solarcity,69
2015-06,2015,6,sullivan,50
2015-06,2015,6,sunrun,83
2015-06,2015,6,titan,263
2015-07,2015,7,records,12
2015-07,2015,7,solarcity,58
2015-07,2015,7,sullivan,44
2015-07,2015,7,sunrun,69
2015-07,2015,7,titan,228
2015-08,2015,8,records,15
2015-08,2015,8,solarcity,88
2015-08,2015,8,sullivan,36
2015-08,2015,8,sunrun,117
2015-08,2015,8,titan,182
2015-09,2015,9,records,13
2015-09,2015,9,solarcity,81
2015-09,2015,9,sullivan,45
2015-09,2015,9,sunrun,125
2015-09,2015,9,titan,227
2015-10,2015,10,records,21
2015-10,2015,10,solarcity,80
2015-10,2015,10,sullivan,48
2015-10,2015,10,sunrun,202
2015-10,2015,10,titan,210
2015-11,2015,11,records,18
2015-11,2015,11,solarcity,60
2015-11,2015,11,sullivan,52
2015-11,2015,11,sunrun,155
2015-11,2015,11,titan,215
2015-12,2015,12,records,24
2015-12,2015,12,solarcity,40
2015-12,2015,12,sullivan,43
2015-12,2015,12,sunrun,214
2015-12,2015,12,titan,241
2016-01,2016,1,records,11
2016-01,2016,1,solarcity,69
2016-01,2016,1,sullivan,45
2016-01,2016,1,sunrun,182
2016-01,2016,1,titan,250
2016-02,2016,2,records,14
2016-02,2016,2,solarcity,43
2016-02,2016,2,sullivan,27
2016-02,2016,2,sunrun,201
2016-02,2016,2,titan,279
2016-03,2016,3,records,10
2016-03,2016,3,solarcity,58
2016-03,2016,3,sullivan,31
2016-03,2016,3,sunrun,212
2016-03,2016,3,titan,308
2016-04,2016,4,records,8
2016-04,2016,4,solarcity,62
2016-04,2016,4,sullivan,40
2016-04,2016,4,sunrun,242
2016-04,2016,4,titan,267
2016-05,2016,5,records,10
2016-05,2016,5,solarcity,62
2016-05,2016,5,sullivan,48
2016-05,2016,5,sunrun,234
2016-05,2016,5,titan,304
2016-06,2016,6,records,9
2016-06,2016,6,solarcity,53
2016-06,2016,6,sullivan,25
2016-06,2016,6,sunrun,204
2016-06,2016,6,titan,290
2016-07,2016,7,records,10
2016-07,2016,7,solarcity,44
2016-07,2016,7,sullivan,14
2016-07,2016,7,sunrun,220
2016-07,2016,7,titan,291
2016-08,2016,8,records,12
2016-08,2016,8,solarcity,82
2016-08,2016,8,sullivan,11
2016-08,2016,8,sunrun,229
2016-08,2016,8,titan,435
2016-09,2016,9,records,5
2016-09,2016,9,solarcity,61
2016-09,2016,9,sullivan,31
2016-09,2016,9,sunrun,180
2016-09,2016,9,titan,396
2016-10,2016,10,records,13
2016-10,2016,10,solarcity,53
2016-10,2016,10,sullivan,35
2016-10,2016,10,sunrun,194
2016-10,2016,10,titan,607
2016-11,2016,11,records,8
2016-11,2016,11,solarcity,51
2016-11,2016,11,sullivan,38
2016-11,2016,11,sunrun,146
2016-11,2016,11,titan,339
2016-12,2016,12,records,7
2016-12,2016,12,solarcity,27
2016-12,2016,12,sullivan,34
2016-12,2016,12,sunrun,160
2016-12,2016,12,titan,346
2017-01,2017,1,records,3
2017-01,2017,1,solarcity,41
2017-01,2017,1,sullivan,22
2017-01,2017,1,sunrun,132
2017-01,2017,1,titan,443
2017-02,2017,2,records,12
2017-02,2017,2,solarcity,56
2017-02,2017,2,sullivan,18
2017-02,2017,2,sunrun,90
2017-02,2017,2,titan,477
2017-03,2017,3,records,5
2017-03,2017,3,solarcity,37
2017-03,2017,3,sullivan,45
2017-03,2017,3,sunrun,129
2017-03,2017,3,titan,590
2017-04,2017,4,records,5
2017-04,2017,4,solarcity,40
2017-04,2017,4,sullivan,22
2017-04,2017,4,sunrun,111
2017-04,2017,4,titan,518
2017-05,2017,5,records,33
2017-05,2017,5,solarcity,41
2017-05,2017,5,sullivan,35
2017-05,2017,5,sunrun,143
2017-05,2017,5,titan,507
2017-06,2017,6,records,24
2017-06,2017,6,solarcity,34
2017-06,2017,6,sullivan,18
2017-06,2017,6,sunrun,158
2017-06,2017,6,titan,444
2017-07,2017,7,records,15
2017-07,2017,7,solarcity,22
2017-07,2017,7,sullivan,21
2017-07,2017,7,sunrun,135
2017-07,2017,7,titan,545
2017-08,2017,8,records,26
2017-08,2017,8,solarcity,37
2017-08,2017,8,sullivan,36
2017-08,2017,8,sunrun,162
2017-08,2017,8,titan,922
2017-09,2017,9,records,22
2017-09,2017,9,solarcity,19
2017-09,2017,9,sullivan,20
2017-09,2017,9,sunrun,134
2017-09,2017,9,titan,568
2017-10,2017,10,records,35
2017-10,2017,10,solarcity,31
2017-10,2017,10,sullivan,28
2017-10,2017,10,sunrun,125
2017-10,2017,10,titan,886
2017-11,2017,11,records,30
2017-11,2017,11,solarcity,21
2017-11,2017,11,sullivan,27
2017-11,2017,11,sunrun,138
2017-11,2017,11,titan,914
2017-12,2017,12,records,25
2017-12,2017,12,solarcity,21
2017-12,2017,12,sullivan,22
2017-12,2017,12,sunrun,147
2017-12,2017,12,titan,691
2018-01,2018,1,freedom_forever,3
2018-01,2018,1,records,31
2018-01,2018,1,solarcity,29
2018-01,2018,1,sullivan,20
2018-01,2018,1,sunrun,116
2018-01,2018,1,titan,656
2018-02,2018,2,freedom_forever,15
2018-02,2018,2,records,21
2018-02,2018,2,solarcity,8
2018-02,2018,2,sullivan,50
2018-02,2018,2,sunrun,156
2018-02,2018,2,titan,693
2018-03,2018,3,freedom_forever,9
2018-03,2018,3,records,33
2018-03,2018,3,solarcity,10
2018-03,2018,3,sullivan,82
2018-03,2018,3,sunrun,150
2018-03,2018,3,titan,770
2018-04,2018,4,freedom_forever,13
2018-04,2018,4,records,25
2018-04,2018,4,solarcity,15
2018-04,2018,4,sullivan,86
2018-04,2018,4,sunrun,167
2018-04,2018,4,titan,609
2018-05,2018,5,freedom_forever,22
2018-05,2018,5,records,42
2018-05,2018,5,solarcity,8
2018-05,2018,5,sullivan,50
2018-05,2018,5,sunrun,168
2018-05,2018,5,titan,628
2018-06,2018,6,freedom_forever,6
2018-06,2018,6,records,45
2018-06,2018,6,solarcity,13
2018-06,2018,6,sullivan,45
2018-06,2018,6,sunrun,152
2018-06,2018,6,titan,531
2018-07,2018,7,freedom_forever,26
2018-07,2018,7,records,42
2018-07,2018,7,solarcity,11
2018-07,2018,7,sullivan,49
2018-07,2018,7,sunrun,184
2018-07,2018,7,titan,568
2018-08,2018,8,freedom_forever,14
2018-08,2018,8,records,37
2018-08,2018,8,solarcity,13
2018-08,2018,8,sullivan,67
2018-08,2018,8,sunrun,233
2018-08,2018,8,titan,652
2018-09,2018,9,freedom_forever,19
2018-09,2018,9,records,24
2018-09,2018,9,solarcity,9
2018-09,2018,9,sullivan,61
2018-09,2018,9,sunrun,261
2018-09,2018,9,titan,544
2018-10,2018,10,freedom_forever,19
2018-10,2018,10,records,31
2018-10,2018,10,solarcity,6
2018-10,2018,10,sullivan,89
2018-10,2018,10,sunrun,275
2018-10,2018,10,titan,808
2018-11,2018,11,freedom_forever,22
2018-11,2018,11,records,34
2018-11,2018,11,solarcity,5
2018-11,2018,11,sullivan,100
2018-11,2018,11,sunrun,304
2018-11,2018,11,titan,551
2018-12,2018,12,freedom_forever,11
2018-12,2018,12,records,22
2018-12,2018,12,solarcity,3
2018-12,2018,12,sullivan,52
2018-12,2018,12,sunrun,292
2018-12,2018,12,titan,473
2019-01,2019,1,freedom_forever,23
2019-01,2019,1,records,60
2019-01,2019,1,solarcity,5
2019-01,2019,1,sullivan,78
2019-01,2019,1,sunrun,298
2019-01,2019,1,titan,515
2019-02,2019,2,freedom_forever,16
2019-02,2019,2,records,35
2019-02,2019,2,solarcity,5
2019-02,2019,2,sullivan,60
2019-02,2019,2,sunrun,232
2019-02,2019,2,titan,552
2019-03,2019,3,freedom_forever,28
2019-03,2019,3,records,42
2019-03,2019,3,solarcity,15
2019-03,2019,3,sullivan,76
2019-03,2019,3,sunrun,263
2019-03,2019,3,titan,492
2019-04,2019,4,freedom_forever,21
2019-04,2019,4,records,47
2019-04,2019,4,solarcity,6
2019-04,2019,4,sullivan,70
2019-04,2019,4,sunrun,282
2019-04,2019,4,titan,569
2019-05,2019,5,freedom_forever,30
2019-05,2019,5,records,57
2019-05,2019,5,solarcity,12
2019-05,2019,5,sullivan,91
2019-05,2019,5,sunrun,241
2019-05,2019,5,titan,713
2019-06,2019,6,freedom_forever,24
2019-06,2019,6,records,72
2019-06,2019,6,solarcity,6
2019-06,2019,6,sullivan,100
2019-06,2019,6,sunrun,264
2019-06,2019,6,titan,783
2019-07,2019,7,freedom_forever,32
2019-07,2019,7,records,51
2019-07,2019,7,solarcity,16
2019-07,2019,7,sullivan,128
2019-07,2019,7,sunrun,274
2019-07,2019,7,titan,752
2019-08,2019,8,freedom_forever,42
2019-08,2019,8,records,63
2019-08,2019,8,solarcity,15
2019-08,2019,8,sullivan,148
2019-08,2019,8,sunrun,251
2019-08,2019,8,titan,756
2019-09,2019,9,freedom_forever,29
2019-09,2019,9,records,74
2019-09,2019,9,solarcity,15
2019-09,2019,9,sullivan,85
2019-09,2019,9,sunrun,239
2019-09,2019,9,titan,679
2019-10,2019,10,freedom_forever,43
2019-10,2019,10,records,76
2019-10,2019,10,solarcity,15
2019-10,2019,10,sullivan,106
2019-10,2019,10,sunrun,335
2019-10,2019,10,titan,832
2019-11,2019,11,freedom_forever,37
2019-11,2019,11,records,62
2019-11,2019,11,solarcity,27
2019-11,2019,11,sullivan,103
2019-11,2019,11,sunrun,235
2019-11,2019,11,titan,662
2019-12,2019,12,freedom_forever,51
2019-12,2019,12,records,67
2019-12,2019,12,solarcity,24
2019-12,2019,12,sullivan,65
2019-12,2019,12,sunrun,228
2019-12,2019,12,titan,802
2020-01,2020,1,freedom_forever,59
2020-01,2020,1,records,56
2020-01,2020,1,solarcity,7
2020-01,2020,1,sullivan,71
2020-01,2020,1,sunrun,289
2020-01,2020,1,titan,808
2020-02,2020,2,freedom_forever,60
2020-02,2020,2,records,45
2020-02,2020,2,solarcity,2
2020-02,2020,2,sullivan,34
2020-02,2020,2,sunrun,209
2020-02,2020,2,titan,555
2020-03,2020,3,freedom_forever,60
2020-03,2020,3,records,17
2020-03,2020,3,solarcity,3
2020-03,2020,3,sullivan,28
2020-03,2020,3,sunrun,251
2020-03,2020,3,titan,751
2020-04,2020,4,freedom_forever,62
2020-04,2020,4,records,14
2020-04,2020,4,solarcity,7
2020-04,2020,4,sullivan,31
2020-04,2020,4,sunrun,292
2020-04,2020,4,titan,898
2020-05,2020,5,freedom_forever,82
2020-05,2020,5,records,39
2020-05,2020,5,solarcity,11
2020-05,2020,5,sullivan,42
2020-05,2020,5,sunrun,253
2020-05,2020,5,titan,743
2020-06,2020,6,freedom_forever,117
2020-06,2020,6,records,61
2020-06,2020,6,solarcity,12
2020-06,2020,6,sullivan,82
2020-06,2020,6,sunrun,271
2020-06,2020,6,titan,1108
2020-07,2020,7,freedom_forever,136
2020-07,2020,7,records,78
2020-07,2020,7,solarcity,23
2020-07,2020,7,sullivan,55
2020-07,2020,7,sunrun,272
2020-07,2020,7,titan,1060
2020-08,2020,8,freedom_forever,124
2020-08,2020,8,records,71
2020-08,2020,8,solarcity,11
2020-08,2020,8,sullivan,57
2020-08,2020,8,sunrun,256
2020-08,2020,8,titan,977
2020-09,2020,9,freedom_forever,108
2020-09,2020,9,records,93
2020-09,2020,9,solarcity,10
2020-09,2020,9,sullivan,71
2020-09,2020,9,sunrun,237
2020-09,2020,9,titan,1006
2020-10,2020,10,freedom_forever,108
2020-10,2020,10,records,109
2020-10,2020,10,solarcity,13
2020-10,2020,10,sullivan,101
2020-10,2020,10,sunrun,287
2020-10,2020,10,titan,1134
2020-11,2020,11,freedom_forever,90
2020-11,2020,11,records,137
2020-11,2020,11,solarcity,25
2020-11,2020,11,sullivan,70
2020-11,2020,11,sunrun,291
2020-11,2020,11,titan,1021
2020-12,2020,12,freedom_forever,101
2020-12,2020,12,records,133
2020-12,2020,12,solarcity,10
2020-12,2020,12,sullivan,67
2020-12,2020,12,sunrun,293
2020-12,2020,12,titan,988
2021-01,2021,1,freedom_forever,96
2021-01,2021,1,records,94
2021-01,2021,1,solarcity,13
2021-01,2021,1,sullivan,38
2021-01,2021,1,sunrun,254
2021-01,2021,1,titan,822
2021-02,2021,2,freedom_forever,91
2021-02,2021,2,records,65
2021-02,2021,2,solarcity,11
2021-02,2021,2,sullivan,27
2021-02,2021,2,sunrun,248
2021-02,2021,2,titan,1009
2021-03,2021,3,freedom_forever,110
2021-03,2021,3,records,106
2021-03,2021,3,solarcity,9
2021-03,2021,3,sullivan,49
2021-03,2021,3,sunrun,251
2021-03,2021,3,titan,1213
2021-04,2021,4,freedom_forever,111
2021-04,2021,4,records,93
2021-04,2021,4,solarcity,14
2021-04,2021,4,sullivan,68
2021-04,2021,4,sunrun,270
2021-04,2021,4,titan,1134
2021-05,2021,5,freedom_forever,100
2021-05,2021,5,records,90
2021-05,2021,5,solarcity,6
2021-05,2021,5,sullivan,74
2021-05,2021,5,sunrun,313
2021-05,2021,5,titan,1174
2021-06,2021,6,freedom_forever,123
2021-06,2021,6,records,118
2021-06,2021,6,solarcity,13
2021-06,2021,6,sullivan,70
2021-06,2021,6,sunrun,342
2021-06,2021,6,titan,1339
2021-07,2021,7,freedom_forever,109
2021-07,2021,7,records,88
2021-07,2021,7,solarcity,16
2021-07,2021,7,sullivan,89
2021-07,2021,7,sunrun,398
2021-07,2021,7,titan,1589
2021-08,2021,8,freedom_forever,175
2021-08,2021,8,records,165
2021-08,2021,8,solarcity,10
2021-08,2021,8,sullivan,59
2021-08,2021,8,sunrun,473
2021-08,2021,8,titan,1542
2021-09,2021,9,freedom_forever,160
2021-09,2021,9,records,192
2021-09,2021,9,solarcity,9
2021-09,2021,9,sullivan,69
2021-09,2021,9,sunrun,521
2021-09,2021,9,titan,1616
2021-10,2021,10,freedom_forever,195
2021-10,2021,10,records,149
2021-10,2021,10,solarcity,6
2021-10,2021,10,sullivan,40
2021-10,2021,10,sunrun,520
2021-10,2021,10,titan,1453
2021-11,2021,11,freedom_forever,201
2021-11,2021,11,records,151
2021-11,2021,11,solarcity,9
2021-11,2021,11,sullivan,9
2021-11,2021,11,sunrun,629
2021-11,2021,11,titan,1559
2021-12,2021,12,freedom_forever,156
2021-12,2021,12,records,111
2021-12,2021,12,solarcity,5
2021-12,2021,12,sullivan,11
2021-12,2021,12,sunrun,643
2021-12,2021,12,titan,1681
2022-01,2022,1,freedom_forever,143
2022-01,2022,1,records,127
2022-01,2022,1,solarcity,7
2022-01,2022,1,sullivan,13
2022-01,2022,1,sunrun,617
2022-01,2022,1,titan,1421
2022-02,2022,2,freedom_forever,159
2022-02,2022,2,records,167
2022-02,2022,2,solarcity,2
2022-02,2022,2,sullivan,13
2022-02,2022,2,sunrun,631
2022-02,2022,2,titan,1236
2022-03,2022,3,freedom_forever,147
2022-03,2022,3,records,169
2022-03,2022,3,solarcity,4
2022-03,2022,3,sullivan,10
2022-03,2022,3,sunrun,956
2022-03,2022,3,titan,1534
2022-04,2022,4,freedom_forever,185
2022-04,2022,4,records,112
2022-04,2022,4,solarcity,1
2022-04,2022,4,sullivan,19
2022-04,2022,4,sunrun,1217
2022-04,2022,4,titan,1427
2022-05,2022,5,freedom_forever,189
2022-05,2022,5,records,133
2022-05,2022,5,solarcity,4
2022-05,2022,5,sullivan,9
2022-05,2022,5,sunrun,1249
2022-05,2022,5,titan,1561
2022-06,2022,6,freedom_forever,257
2022-06,2022,6,records,203
2022-06,2022,6,solarcity,4
2022-06,2022,6,sullivan,9
2022-06,2022,6,sunrun,1430
2022-06,2022,6,titan,1722
2022-07,2022,7,freedom_forever,230
2022-07,2022,7,records,175
2022-07,2022,7,solarcity,3
2022-07,2022,7,sullivan,4
2022-07,2022,7,sunrun,1464
2022-07,2022,7,titan,1444
2022-08,2022,8,freedom_forever,305
2022-08,2022,8,records,186
2022-08,2022,8,solarcity,4
2022-08,2022,8,sullivan,8
2022-08,2022,8,sunrun,1744
2022-08,2022,8,titan,1480
2022-09,2022,9,freedom_forever,297
2022-09,2022,9,records,145
2022-09,2022,9,solarcity,2
2022-09,2022,9,sullivan,16
2022-09,2022,9,sunrun,1669
2022-09,2022,9,titan,1404
2022-10,2022,10,freedom_forever,282
2022-10,2022,10,records,182
2022-10,2022,10,solarcity,6
2022-10,2022,10,sullivan,9
2022-10,2022,10,sunrun,1750
2022-10,2022,10,titan,1501
2022-11,2022,11,freedom_forever,354
2022-11,2022,11,records,156
2022-11,2022,11,solarcity,5
2022-11,2022,11,sullivan,6
2022-11,2022,11,sunrun,1757
2022-11,2022,11,titan,1090
2022-12,2022,12,freedom_forever,318
2022-12,2022,12,records,140
2022-12,2022,12,solarcity,2
2022-12,2022,12,sullivan,8
2022-12,2022,12,sunrun,1642
2022-12,2022,12,titan,1065
2023-01,2023,1,freedom_forever,308
2023-01,2023,1,records,295
2023-01,2023,1,sullivan,4
2023-01,2023,1,sunrun,1448
2023-01,2023,1,titan,879
2023-02,2023,2,freedom_forever,210
2023-02,2023,2,records,268
2023-02,2023,2,solarcity,1
2023-02,2023,2,sullivan,7
2023-02,2023,2,sunrun,1262
2023-02,2023,2,titan,869
2023-03,2023,3,freedom_forever,298
2023-03,2023,3,records,599
2023-03,2023,3,sullivan,1
2023-03,2023,3,sunrun,1615
2023-03,2023,3,titan,1026
2023-04,2023,4,freedom_forever,259
2023-04,2023,4,records,755
2023-04,2023,4,sullivan,12
2023-04,2023,4,sunrun,1464
2023-04,2023,4,titan,1108
2023-05,2023,5,freedom_forever,312
2023-05,2023,5,records,592
2023-05,2023,5,sullivan,11
2023-05,2023,5,sunrun,1495
2023-05,2023,5,titan,1079
2023-06,2023,6,freedom_forever,359
2023-06,2023,6,records,343
2023-06,2023,6,sullivan,10
2023-06,2023,6,sunrun,1284
2023-06,2023,6,titan,898
2023-07,2023,7,freedom_forever,350
2023-07,2023,7,records,274
2023-07,2023,7,sullivan,4
2023-07,2023,7,sunrun,1134
2023-07,2023,7,titan,802
2023-08,2023,8,freedom_forever,395
2023-08,2023,8,records,312
2023-08,2023,8,sunrun,1128
2023-09,2023,9,freedom_forever,334
2023-09,2023,9,records,237
2023-09,2023,9,sunrun,978
2023-10,2023,10,freedom_forever,324
2023-10,2023,10,records,285
2023-10,2023,10,sunrun,1080
2023-11,2023,11,freedom_forever,265
2023-11,2023,11,records,263
2023-11,2023,11,sunrun,984
2023-12,2023,12,freedom_forever,218
2023-12,2023,12,records,191
2023-12,2023,12,sunrun,941
2024-01,2024,1,freedom_forever,200
2024-01,2024,1,records,257
2024-01,2024,1,sunrun,979
2024-02,2024,2,freedom_forever,246
2024-02,2024,2,records,335
2024-02,2024,2,sunrun,999
2024-03,2024,3,freedom_forever,314
2024-03,2024,3,records,385
2024-03,2024,3,sunrun,1022
2024-04,2024,4,freedom_forever,386
2024-04,2024,4,records,401
2024-04,2024,4,sunrun,1187
2024-05,2024,5,freedom_forever,355
2024-05,2024,5,records,343
2024-05,2024,5,sunrun,1260
2024-06,2024,6,freedom_forever,419
2024-06,2024,6,records,362
2024-06,2024,6,sunrun,1162
2024-07,2024,7,freedom_forever,414
2024-07,2024,7,records,390
2024-07,2024,7,sunrun,1248
2024-08,2024,8,freedom_forever,392
2024-08,2024,8,records,511
2024-08,2024,8,sunrun,1355
2024-09,2024,9,freedom_forever,334
2024-09,2024,9,records,558
2024-09,2024,9,sunrun,1247
2024-10,2024,10,freedom_forever,440
2024-10,2024,10,records,563
2024-10,2024,10,sunrun,1309
2024-11,2024,11,freedom_forever,297
2024-11,2024,11,records,654
2024-11,2024,11,sunrun,740
2024-12,2024,12,freedom_forever,284
2024-12,2024,12,records,625
2024-12,2024,12,sunrun,773
2025-01,2025,1,freedom_forever,238
2025-01,2025,1,records,813
2025-01,2025,1,sunrun,741
2025-02,2025,2,freedom_forever,221
2025-02,2025,2,records,703
2025-02,2025,2,sunrun,852
2025-03,2025,3,freedom_forever,288
2025-03,2025,3,records,770
2025-03,2025,3,sunrun,808
2025-04,2025,4,freedom_forever,165
2025-04,2025,4,records,832
2025-04,2025,4,sunrun,643
2025-05,2025,5,freedom_forever,94
2025-05,2025,5,records,816
2025-05,2025,5,sunrun,470
2025-06,2025,6,freedom_forever,3
2025-06,2025,6,records,905
2025-06,2025,6,sunrun,2
2025-07,2025,7,freedom_forever,3
2025-07,2025,7,records,1018
2025-07,2025,7,sunrun,2
2025-08,2025,8,freedom_forever,5
2025-08,2025,8,records,1091
2025-08,2025,8,sunrun,1
2025-09,2025,9,freedom_forever,3
2025-09,2025,9,records,1339
2025-10,2025,10,freedom_forever,7
2025-10,2025,10,records,1492
2025-11,2025,11,records,1316
2025-11,2025,11,sunrun,1
2025-12,2025,12,records,1618
2026-01,2026,1,freedom_forever,2
2026-01,2026,1,records,1519
2026-01,2026,1,sunrun,1
2026-02,2026,2,records,2058
2026-03,2026,3,records,4734
2026-04,2026,4,freedom_forever,4
2026-04,2026,4,records,1151
2026-05,2026,5,freedom_forever,1
2026-06,2026,6,freedom_forever,4
2026-07,2026,7,freedom_forever,1
2026-08,2026,8,freedom_forever,2
